external_gene_name,number_of_paralogues,paralogue
MT-ND1,0,No
MT-CO1,0,No
MT-CO2,0,No
MT-ATP8,0,No
MT-ATP6,0,No
MT-CO3,0,No
MT-ND3,0,No
MT-ND4L,0,No
MT-ND6,0,No
MT-CYB,0,No
TFPT,0,No
TSEN34,0,No
FAN1,0,No
SCG5,0,No
MED22,0,No
SURF2,0,No
C12orf29,0,No
XPR1,0,No
CEP290,0,No
ANKLE2,0,No
BBS10,0,No
WDR11,0,No
WDR19,0,No
UQCC2,0,No
M6PR,0,No
PMFBP1,0,No
KITLG,0,No
GTF2E2,0,No
HGD,0,No
C1orf74,0,No
RABL3,0,No
TCHH,0,No
ZNHIT3,0,No
PIGW,0,No
COG2,0,No
C12orf10,0,No
HPS4,0,No
RPSA,0,No
AGL,0,No
CD247,0,No
FECH,0,No
TEX15,0,No
CSNK2B,0,No
GBA2,0,No
GPANK1,0,No
AL162231.1,0,No
ARV1,0,No
GALT,0,No
PIGX,0,No
AAAS,0,No
CEP19,0,No
TWNK,0,No
NAA80,0,No
MRPL43,0,No
LOR,0,No
C8orf37,0,No
SDCCAG8,0,No
SPRTN,0,No
CD4,0,No
UQCRB,0,No
DICER1,0,No
PAGR1,0,No
ETFRF1,0,No
PRCD,0,No
PLPBP,0,No
IQCB1,0,No
SASS6,0,No
SRRD,0,No
DCPS,0,No
KPTN,0,No
GAS8,0,No
ADCY10,0,No
CDC26,0,No
PRPF4,0,No
CACFD1,0,No
ANKRD11,0,No
PHYH,0,No
NDUFA1,0,No
DAG1,0,No
CCDC25,0,No
POLR2H,0,No
CKAP5,0,No
DDIT3,0,No
THPO,0,No
GORAB,0,No
AC022506.1,0,No
SPAG8,0,No
IQCG,0,No
RPL35A,0,No
ALAD,0,No
PEX12,0,No
ALG3,0,No
ENOPH1,0,No
TMEM115,0,No
TRAF3IP1,0,No
USB1,0,No
APOPT1,0,No
MOGS,0,No
NPRL2,0,No
CDCA3,0,No
TBATA,0,No
CRADD,0,No
SPART,0,No
OPLAH,0,No
RAB3GAP2,0,No
AUP1,0,No
RNASEL,0,No
GPAA1,0,No
ARMS2,0,No
NDUFA12,0,No
ASH2L,0,No
CYC1,0,No
NUFIP2,0,No
ACD,0,No
C10orf105,0,No
ALDH18A1,0,No
MRPS2,0,No
RNF170,0,No
TMEM106C,0,No
C12orf65,0,No
POMK,0,No
IFT57,0,No
GTF2H3,0,No
TMEM249,0,No
HGSNAT,0,No
FOXL2NB,0,No
MRPS22,0,No
AC025165.3,0,No
METTL1,0,No
TBCCD1,0,No
TSFM,0,No
CD96,0,No
FANCG,0,No
DNLZ,0,No
PIGO,0,No
RELN,0,No
POLE,0,No
NBN,0,No
MYD88,0,No
SH3BP2,0,No
CCDC107,0,No
HCST,0,No
PSORS1C1,0,No
CDSN,0,No
HCFC1R1,0,No
AMBN,0,No
THOC6,0,No
OGG1,0,No
TAF1C,0,No
HECTD3,0,No
UROC1,0,No
ENAM,0,No
PIBF1,0,No
MTFMT,0,No
CFAP43,0,No
TEX14,0,No
FXN,0,No
CFAP126,0,No
SDHC,0,No
AXDND1,0,No
INVS,0,No
IBA57,0,No
DPT,0,No
LEP,0,No
RETREG3,0,No
ZNF469,0,No
PSPH,0,No
LY6G6C,0,No
MPIG6B,0,No
COX20,0,No
LZTFL1,0,No
UBIAD1,0,No
EMG1,0,No
TMCO6,0,No
TTI2,0,No
SF3B1,0,No
SAMHD1,0,No
MAK16,0,No
LINS1,0,No
TMCO1,0,No
NDUFA2,0,No
TDO2,0,No
SIGMAR1,0,No
TMPPE,0,No
HAMP,0,No
TAC3,0,No
TDP2,0,No
RMC1,0,No
CYBA,0,No
ELP1,0,No
ALG14,0,No
MORN4,0,No
C10orf62,0,No
HYLS1,0,No
ESF1,0,No
GNE,0,No
CLPX,0,No
WDR83OS,0,No
WDR83,0,No
MRPS16,0,No
HAX1,0,No
KIAA0753,0,No
CCDC163,0,No
FPGS,0,No
ASB8,0,No
ASS1,0,No
GBA,0,No
ATPAF2,0,No
TRADD,0,No
MVD,0,No
ZFYVE27,0,No
GLE1,0,No
CENPT,0,No
KIF1BP,0,No
LAMTOR1,0,No
CHAMP1,0,No
HSPE1,0,No
NDUFAF5,0,No
ARID2,0,No
ANAPC15,0,No
THAP11,0,No
PMVK,0,No
MRPL47,0,No
AP000812.5,0,No
CINP,0,No
MMACHC,0,No
MCPH1,0,No
FANCA,0,No
CENPL,0,No
FNDC8,0,No
GNPTAB,0,No
FANCF,0,No
CXorf56,0,No
TBC1D23,0,No
FUOM,0,No
CEP55,0,No
MAD2L1BP,0,No
NUP37,0,No
ECM1,0,No
RBP4,0,No
RSPH9,0,No
PIH1D3,0,No
MRPS18A,0,No
PTRH2,0,No
CTU2,0,No
HPS1,0,No
GID4,0,No
BRAT1,0,No
EMC4,0,No
GDF5OS,0,No
TRIAP1,0,No
TFG,0,No
TEX49,0,No
CCDC39,0,No
SON,0,No
CAST,0,No
HPS3,0,No
EED,0,No
AIMP1,0,No
SDHB,0,No
CUTC,0,No
NUP160,0,No
AMN,0,No
CFAP300,0,No
EDARADD,0,No
ACBD6,0,No
CDT1,0,No
THSD1,0,No
APRT,0,No
POMC,0,No
DPM2,0,No
PDCD4,0,No
GTF2H4,0,No
BBIP1,0,No
AC243547.3,0,No
RBM8A,0,No
PRPF31,0,No
CENPF,0,No
TCTA,0,No
IFT122,0,No
HIKESHI,0,No
DONSON,0,No
ARCN1,0,No
TYROBP,0,No
RPL27,0,No
GART,0,No
EIF3A,0,No
C12orf43,0,No
NCLN,0,No
TIMMDC1,0,No
TMIE,0,No
SSNA1,0,No
TMEM203,0,No
TAF2,0,No
NUP133,0,No
WASHC4,0,No
MRPL3,0,No
FAM166A,0,No
SDHAF1,0,No
ENHO,0,No
KATNB1,0,No
TAZ,0,No
C6orf15,0,No
TMEM67,0,No
LAT,0,No
MADD,0,No
RPS17,0,No
FANCC,0,No
MRPL52,0,No
BCS1L,0,No
RNASEH2C,0,No
CXCL16,0,No
C21orf58,0,No
ATXN10,0,No
POLD2,0,No
CLUAP1,0,No
NBAS,0,No
CIAO1,0,No
ZPR1,0,No
DCTN5,0,No
TALDO1,0,No
STH,0,No
PTHLH,0,No
TMEM237,0,No
PEX26,0,No
AIMP2,0,No
TSPEAR,0,No
NCSTN,0,No
TERF2IP,0,No
NCBP1,0,No
PNPLA8,0,No
MMAB,0,No
NUP107,0,No
CCBE1,0,No
TIMELESS,0,No
TPR,0,No
CRBN,0,No
TRNT1,0,No
BARD1,0,No
CEP78,0,No
PAM16,0,No
GLDC,0,No
RPL29,0,No
HPGD,0,No
APOC3,0,No
TRMT6,0,No
FSIP2,0,No
TMEM94,0,No
CD19,0,No
VSX1,0,No
GATD1,0,No
KIAA1109,0,No
TCAP,0,No
PIGF,0,No
POMP,0,No
CCDC140,0,No
PRIMPOL,0,No
RPL15,0,No
BLOC1S6,0,No
BORCS5,0,No
DYM,0,No
MRE11,0,No
ABHD18,0,No
NNT,0,No
DNAL4,0,No
STARD9,0,No
KNSTRN,0,No
PEX3,0,No
VWA7,0,No
APIP,0,No
AAR2,0,No
NRIP1,0,No
GLYCTK,0,No
TNFRSF13B,0,No
CUTA,0,No
EDC3,0,No
PTS,0,No
RPS24,0,No
TMEM240,0,No
TPI1,0,No
XRCC4,0,No
BRIX1,0,No
CDAN1,0,No
CRB1,0,No
ACP5,0,No
SELENOO,0,No
SUOX,0,No
LRSAM1,0,No
GYPC,0,No
COX14,0,No
HPS6,0,No
ARL2BP,0,No
TDP1,0,No
GTF3C2,0,No
INCENP,0,No
IFT81,0,No
RPS26,0,No
SPAG17,0,No
SFTPC,0,No
GGACT,0,No
TSEN54,0,No
MYOCOS,0,No
NDUFS2,0,No
IGF2R,0,No
BFAR,0,No
LSM2,0,No
CANT1,0,No
CCDC40,0,No
TRMU,0,No
ALG13,0,No
PEX13,0,No
IL2RA,0,No
ADO,0,No
IL21,0,No
C1orf35,0,No
UVSSA,0,No
XPA,0,No
ARMC9,0,No
TBCD,0,No
TRAPPC9,0,No
CYLD,0,No
TSC1,0,No
NANS,0,No
NDUFB7,0,No
AHDC1,0,No
ENTR1,0,No
NDUFAF2,0,No
FBXO38,0,No
AL034430.1,0,No
ATIC,0,No
NUP205,0,No
DAXX,0,No
GSS,0,No
CD8A,0,No
TOPORS,0,No
ELOC,0,No
RNF25,0,No
INPP5A,0,No
GRN,0,No
ANKRD49,0,No
TMEM70,0,No
PGAP3,0,No
MRPL44,0,No
C12orf57,0,No
SUFU,0,No
NDUFS7,0,No
UMPS,0,No
COQ9,0,No
FCER1G,0,No
ATRIP,0,No
FDPS,0,No
SMIM15,0,No
YARS,0,No
SUPT5H,0,No
MAD1L1,0,No
KAAG1,0,No
TRIP4,0,No
CLN6,0,No
PGAP2,0,No
C1orf105,0,No
PIGC,0,No
AC107871.1,0,No
PBRM1,0,No
COA6,0,No
NAGLU,0,No
AC008687.4,0,No
NUP98,0,No
YARS2,0,No
HRC,0,No
OPA3,0,No
TRUB2,0,No
AAGAB,0,No
RNF26,0,No
TP53RK,0,No
CYP17A1,0,No
TANGO2,0,No
PDCD10,0,No
UQCRQ,0,No
FBXO7,0,No
ASCC1,0,No
DPP3,0,No
FKTN,0,No
TPK1,0,No
TTC37,0,No
UNC80,0,No
TRAIP,0,No
MLYCD,0,No
AC009119.2,0,No
SNRPE,0,No
ZDHHC24,0,No
COA3,0,No
RXYLT1,0,No
TPRKB,0,No
TMEM98,0,No
SQSTM1,0,No
MRNIP,0,No
EMD,0,No
THYN1,0,No
CNTD1,0,No
SEC61B,0,No
TRIP11,0,No
COQ4,0,No
PEX2,0,No
GAMT,0,No
NFU1,0,No
TMEM265,0,No
PRPF3,0,No
DALRD3,0,No
PIGH,0,No
SPG21,0,No
AASS,0,No
RPL13,0,No
NDUFAF3,0,No
GUK1,0,No
BRCA2,0,No
TNFRSF12A,0,No
NSMCE2,0,No
WASHC5,0,No
NDUFS3,0,No
FKRP,0,No
EDRF1,0,No
ANOS1,0,No
MPPE1,0,No
INTS2,0,No
TRAPPC11,0,No
MBL2,0,No
MLC1,0,No
HYI,0,No
UNG,0,No
CTH,0,No
TICRR,0,No
SZT2,0,No
HLCS,0,No
PALB2,0,No
MAMLD1,0,No
PCP2,0,No
CD3EAP,0,No
PPP1R13L,0,No
NGLY1,0,No
DOLK,0,No
PHYHD1,0,No
ERCC1,0,No
DOK7,0,No
UROS,0,No
PET100,0,No
TMEM231,0,No
TMEM127,0,No
UFC1,0,No
CCDC47,0,No
APOF,0,No
TMEM187,0,No
LRPAP1,0,No
PDF,0,No
CATSPERZ,0,No
RENBP,0,No
NDUFA9,0,No
GATM,0,No
C19orf12,0,No
KLLN,0,No
ISCU,0,No
SCAPER,0,No
IFT74,0,No
SMARCB1,0,No
TAX1BP3,0,No
REX1BD,0,No
CTNS,0,No
PLAA,0,No
ADPRM,0,No
LIN37,0,No
EMC6,0,No
MOCS1,0,No
BBS7,0,No
RMDN2,0,No
MEN1,0,No
NPHP1,0,No
AHSA1,0,No
GPHN,0,No
VIPAS39,0,No
RWDD4,0,No
KISS1,0,No
FAM136A,0,No
CNOT9,0,No
TMEM173,0,No
TIMM9,0,No
KIAA0586,0,No
TMEM186,0,No
CCER2,0,No
EIF1AD,0,No
NDUFAF1,0,No
TXNDC15,0,No
DXO,0,No
RETREG1,0,No
NAXD,0,No
STK19,0,No
MED23,0,No
RSPH3,0,No
IFI30,0,No
INTU,0,No
DDB2,0,No
SRP14,0,No
CTDP1,0,No
PARK7,0,No
RMND1,0,No
GPI,0,No
AC008878.1,0,No
ARMC5,0,No
LRPPRC,0,No
TMEM92,0,No
TCOF1,0,No
ATRAID,0,No
CCDC170,0,No
DCXR,0,No
MAX,0,No
SMIM9,0,No
CD74,0,No
C12orf4,0,No
COG1,0,No
KIAA1147,0,No
FAM104A,0,No
TELO2,0,No
NPHP4,0,No
CFAP69,0,No
TMEM204,0,No
CYP21A2,0,No
MALT1,0,No
AL163636.2,0,No
PRNP,0,No
SMCHD1,0,No
SEC63,0,No
HMBS,0,No
EPO,0,No
VGF,0,No
TMEM107,0,No
PTH,0,No
ETFB,0,No
COX6C,0,No
TBC1D7,0,No
GTF2H1,0,No
VPS13B,0,No
SMPD3,0,No
CATSPERD,0,No
THEM6,0,No
RPS29,0,No
CD70,0,No
C19orf25,0,No
NDUFA13,0,No
ZC3H14,0,No
RALGAPB,0,No
ORC4,0,No
OSTM1,0,No
SUPT16H,0,No
CEBPZ,0,No
SACS,0,No
NUDT22,0,No
TRPT1,0,No
SNAPIN,0,No
TRIT1,0,No
EXOC4,0,No
SLC50A1,0,No
TMEM99,0,No
TSEN15,0,No
RBP3,0,No
THBD,0,No
MGAT2,0,No
WAC,0,No
DPM3,0,No
SLX4,0,No
GCLC,0,No
CHAF1B,0,No
DEAF1,0,No
C22orf15,0,No
SGCB,0,No
IDUA,0,No
MRAP,0,No
URB1,0,No
LSS,0,No
CTC1,0,No
CFAP53,0,No
PEX14,0,No
IZUMO1,0,No
ZNHIT1,0,No
FAM186B,0,No
SELENBP1,0,No
MGP,0,No
NDUFB9,0,No
NDUFAF7,0,No
PODXL,0,No
SNAPC5,0,No
IL34,0,No
C2orf80,0,No
SPR,0,No
CSPP1,0,No
FUT8,0,No
TSEN2,0,No
CCDC33,0,No
BRCA1,0,No
RPL21,0,No
DYNC2LI1,0,No
COA7,0,No
HCRT,0,No
RFWD3,0,No
TMEM230,0,No
CFP,0,No
POLR2F,0,No
ZMPSTE24,0,No
COG7,0,No
C16orf58,0,No
FA2H,0,No
VAC14,0,No
TP53BP1,0,No
FAM120AOS,0,No
SMG9,0,No
NPC2,0,No
NT5E,0,No
PRPF8,0,No
ZNF106,0,No
MEIOB,0,No
PDE6D,0,No
LRRC41,0,No
CCDC22,0,No
IGFLR1,0,No
MINPP1,0,No
GHDC,0,No
TACO1,0,No
HTT,0,No
NKAPD1,0,No
ORC3,0,No
TRPA1,0,No
PCNA,0,No
GHRL,0,No
CDC73,0,No
SF3B2,0,No
MRPL36,0,No
RP9,0,No
NDUFS6,0,No
SART3,0,No
DDOST,0,No
SPINK1,0,No
DPAGT1,0,No
LMNTD2,0,No
PPME1,0,No
TPP1,0,No
JSRP1,0,No
ANKH,0,No
HAAO,0,No
RPL23A,0,No
ITPA,0,No
CCDC154,0,No
PNPO,0,No
NUP85,0,No
TAF10,0,No
EIF3J,0,No
SPG11,0,No
BLOC1S3,0,No
ICOS,0,No
SMPX,0,No
KIZ,0,No
AP000721.1,0,No
MBTPS2,0,No
UFM1,0,No
SMIM33,0,No
OVCA2,0,No
NELFE,0,No
RPAIN,0,No
ETFA,0,No
FANCI,0,No
TTC19,0,No
ZSWIM7,0,No
CCDC24,0,No
C1QBP,0,No
LRRC56,0,No
DFFB,0,No
SMDT1,0,No
MRPS18C,0,No
POLG,0,No
IFT52,0,No
NDUFA6,0,No
FANCD2,0,No
BBS9,0,No
CEP104,0,No
KYNU,0,No
DKC1,0,No
NDUFS8,0,No
PIGL,0,No
LMBRD1,0,No
WFS1,0,No
C2CD3,0,No
HEPN1,0,No
TERT,0,No
RCE1,0,No
C2orf88,0,No
CSDE1,0,No
RPL5,0,No
NDUFB3,0,No
MTTP,0,No
SYCE2,0,No
RPL11,0,No
C4orf46,0,No
ETFDH,0,No
ADM5,0,No
PIGM,0,No
GATB,0,No
CRYM,0,No
GEMIN4,0,No
CORIN,0,No
TRIP13,0,No
SEPSECS,0,No
ERCC3,0,No
KDF1,0,No
ERMARD,0,No
TTC25,0,No
NUS1,0,No
PIGS,0,No
RTTN,0,No
DDRGK1,0,No
ELP4,0,No
AMH,0,No
WDPCP,0,No
FANCM,0,No
PLN,0,No
KHDC4,0,No
KAT14,0,No
MRPS15,0,No
GPR143,0,No
MRPL54,0,No
ATP6V1F,0,No
RPS19,0,No
ERCC4,0,No
TBXAS1,0,No
NOG,0,No
SYNE4,0,No
C17orf67,0,No
CEND1,0,No
C17orf107,0,No
MMADHC,0,No
PIGT,0,No
MFF,0,No
SLC30A9,0,No
GTF3C1,0,No
KNL1,0,No
GSDME,0,No
GNMT,0,No
CCDC127,0,No
RFXAP,0,No
VMA21,0,No
NADK2,0,No
PNPT1,0,No
BHMG1,0,No
SPATA25,0,No
UFD1,0,No
GFER,0,No
NDP,0,No
TMEM106B,0,No
NEURL2,0,No
DCAF17,0,No
FADD,0,No
SUCLG1,0,No
BAG2,0,No
CCDC103,0,No
RNF17,0,No
MTO1,0,No
BBS2,0,No
PRUNE1,0,No
LNPK,0,No
DSPP,0,No
SRD5A3,0,No
DMP1,0,No
RICTOR,0,No
RPS15A,0,No
JPT2,0,No
WRAP53,0,No
TSSC4,0,No
TTLL5,0,No
TEX11,0,No
GALC,0,No
COG6,0,No
KIAA0556,0,No
TMEM134,0,No
IFT43,0,No
TTI1,0,No
FUZ,0,No
NCAPH,0,No
RAB3GAP1,0,No
ELP2,0,No
TYMP,0,No
UIMC1,0,No
SFTA3,0,No
LIAS,0,No
TMEM165,0,No
NCAPH2,0,No
ATP5F1E,0,No
PHF5A,0,No
RPL9,0,No
COG5,0,No
ROGDI,0,No
ANGPTL8,0,No
SMIM22,0,No
VMAC,0,No
GATAD1,0,No
SLC22A18,0,No
MNX1,0,No
ANKRD27,0,No
GINS1,0,No
CXorf65,0,No
GM2A,0,No
MPG,0,No
NPRL3,0,No
DNAAF5,0,No
TSR2,0,No
TTN,0,No
C15orf41,0,No
GPD2,0,No
GGCX,0,No
DHDDS,0,No
CBARP,0,No
ODAPH,0,No
POT1,0,No
PGGHG,0,No
MSTO1,0,No
CCDC115,0,No
ZC4H2,0,No
NIPBL,0,No
EMC1,0,No
AC005837.2,0,No
MFSD11,0,No
LAS1L,0,No
TRAPPC12,0,No
FANCE,0,No
JAGN1,0,No
PCIF1,0,No
PIGG,0,No
AC010325.1,0,No
THOC2,0,No
BFSP1,0,No
ACKR1,0,No
NDUFAF4,0,No
MUS81,0,No
ADPRHL2,0,No
LIPT2,0,No
HCCS,0,No
COA5,0,No
FLAD1,0,No
TMEM260,0,No
SLC22A18AS,0,No
UNC50,0,No
RBM48,0,No
NPAT,0,No
NDUFV2,0,No
PANO1,0,No
HEATR4,0,No
C11orf65,0,No
IZUMO4,0,No
NEFH,0,No
C19orf48,0,No
SSR4,0,No
LENEP,0,No
ATP5F1D,0,No
CYCS,0,No
FANCL,0,No
RPIA,0,No
SPAG7,0,No
VPS53,0,No
MIDN,0,No
C1orf167,0,No
GAL,0,No
UGDH,0,No
CHEK2,0,No
CENPQ,0,No
VPS35,0,No
TRDN,0,No
DHCR24,0,No
ITGB3BP,0,No
COQ7,0,No
LIPE,0,No
HMGXB3,0,No
KIDINS220,0,No
LSM3,0,No
XPC,0,No
NUP93,0,No
SLC25A46,0,No
SWSAP1,0,No
MPLKIP,0,No
DNAL1,0,No
CPLANE1,0,No
APOBR,0,No
BSND,0,No
ORC6,0,No
UQCC3,0,No
MRPS34,0,No
ELN,0,No
IL12B,0,No
SLC40A1,0,No
ATP5ME,0,No
LYRM7,0,No
PYURF,0,No
PIGY,0,No
PIGN,0,No
NHEJ1,0,No
POFUT1,0,No
RP2,0,No
PIGQ,0,No
NR2C2AP,0,No
OFD1,0,No
PDGFRL,0,No
PNKP,0,No
RPS7,0,No
MEA1,0,No
RNASEH2A,0,No
MRPL21,0,No
TCTE1,0,No
INCA1,0,No
TBC1D20,0,No
TAPT1,0,No
ATP6AP2,0,No
SBDS,0,No
THSD8,0,No
AKT1S1,0,No
IYD,0,No
RPS28,0,No
TSR3,0,No
TREH,0,No
LIPT1,0,No
PRAC2,0,No
AP3D1,0,No
RER1,0,No
ATG5,0,No
PEX10,0,No
CLPB,0,No
GCKR,0,No
NUP155,0,No
AC092587.1,0,No
STIL,0,No
SF3A2,0,No
GCH1,0,No
NDUFB11,0,No
BCL10,0,No
BSCL2,0,No
TRAF3IP2,0,No
APOC2,0,No
NHLRC1,0,No
CFAP61,0,No
FIBP,0,No
EXPH5,0,No
RPAP2,0,No
GLMN,0,No
NAGS,0,No
NDUFV1,0,No
GTF2H5,0,No
SARM1,0,No
NCOA5,0,No
TMEM138,0,No
TMEM199,0,No
INSL3,0,No
CDC45,0,No
FANCB,0,No
C11orf94,0,No
FTO,0,No
CLPP,0,No
FDFT1,0,No
CEP120,0,No
MPI,0,No
TCFL5,0,No
NOP10,0,No
MGME1,0,No
TMEM101,0,No
RNASEH2B,0,No
HNMT,0,No
RAG2,0,No
LSM12,0,No
RAG1,0,No
C11orf74,0,No
RPL36,0,No
PLVAP,0,No
PEX16,0,No
CCDC174,0,No
PIGV,0,No
SRP72,0,No
QDPR,0,No
SPATA22,0,No
APOB,0,No
C1orf50,0,No
A2ML1,8,Yes
A4GALT,1,Yes
AAMP,1,Yes
AARS,3,Yes
AARS2,3,Yes
ABAT,4,Yes
ABCA1,11,Yes
ABCA12,11,Yes
ABCA13,11,Yes
ABCA3,11,Yes
ABCA4,11,Yes
ABCA5,11,Yes
ABCA7,11,Yes
ABCB1,11,Yes
ABCB11,11,Yes
ABCB4,11,Yes
ABCB6,11,Yes
ABCB7,11,Yes
ABCC2,11,Yes
ABCC6,11,Yes
ABCC8,11,Yes
ABCC9,11,Yes
ABCD1,3,Yes
ABCD3,3,Yes
ABCD4,3,Yes
ABCG5,4,Yes
ABCG8,4,Yes
ABHD12,7,Yes
ABHD12B,7,Yes
ABHD14A-ACY1,4,Yes
ABHD14B,12,Yes
ABHD5,12,Yes
ABI1,2,Yes
ABI3BP,1,Yes
ABL1,32,Yes
ABRAXAS1,1,Yes
AC001226.2,1,Yes
AC002094.3,2,Yes
AC004080.3,4,Yes
AC004223.3,2,Yes
AC004691.2,12,Yes
AC004922.1,2,Yes
AC006486.1,2,Yes
AC007040.2,1,Yes
AC007326.4,3,Yes
AC008878.3,9,Yes
AC009779.3,1,Yes
AC010422.5,6,Yes
AC010531.1,1,Yes
AC011195.2,1,Yes
AC011448.1,2,Yes
AC011455.2,2,Yes
AC011462.1,3,Yes
AC011479.1,1,Yes
AC011530.1,14,Yes
AC013394.1,35,Yes
AC022414.1,22,Yes
AC024592.3,1,Yes
AC026464.3,2,Yes
AC058822.1,54,Yes
AC068533.4,3,Yes
AC068580.4,10,Yes
AC068631.2,12,Yes
AC073610.2,32,Yes
AC090527.2,1,Yes
AC091959.3,2,Yes
AC092073.1,3,Yes
AC092143.1,24,Yes
AC092718.3,2,Yes
AC092718.8,2,Yes
AC093512.2,3,Yes
AC093525.2,1,Yes
AC093899.2,1,Yes
AC098582.1,25,Yes
AC104389.5,12,Yes
AC108488.2,1,Yes
AC116366.3,1,Yes
AC118553.2,8,Yes
AC126283.2,17,Yes
AC135050.2,2,Yes
AC138811.2,1,Yes
AC244197.3,17,Yes
AC245033.1,4,Yes
ACAA1,4,Yes
ACAD8,14,Yes
ACAD9,14,Yes
ACADM,14,Yes
ACADS,14,Yes
ACADSB,14,Yes
ACADVL,14,Yes
ACAN,7,Yes
ACAT1,4,Yes
ACBD5,4,Yes
ACE,2,Yes
ACER3,2,Yes
ACO1,2,Yes
ACO2,2,Yes
ACOT1,4,Yes
ACOT4,4,Yes
ACOX1,14,Yes
ACOX2,14,Yes
ACP2,5,Yes
ACP4,5,Yes
ACP6,5,Yes
ACSF3,13,Yes
ACSL4,13,Yes
ACSS2,13,Yes
ACTA1,26,Yes
ACTA2,26,Yes
ACTB,26,Yes
ACTC1,26,Yes
ACTG1,26,Yes
ACTG2,26,Yes
ACTL6A,26,Yes
ACTL6B,26,Yes
ACTN1,36,Yes
ACTN2,36,Yes
ACTN3,36,Yes
ACTN4,36,Yes
ACTR1A,26,Yes
ACTRT3,26,Yes
ACVR1,11,Yes
ACVR1B,11,Yes
ACVR2A,11,Yes
ACVR2B,11,Yes
ACVRL1,11,Yes
ACY1,4,Yes
ACYP1,1,Yes
ADA,2,Yes
ADA2,2,Yes
ADAM10,20,Yes
ADAM17,20,Yes
ADAM19,20,Yes
ADAM22,20,Yes
ADAM9,20,Yes
ADAMTS10,25,Yes
ADAMTS13,25,Yes
ADAMTS17,25,Yes
ADAMTS18,25,Yes
ADAMTS2,25,Yes
ADAMTS3,25,Yes
ADAMTSL2,25,Yes
ADAMTSL4,25,Yes
ADAR,14,Yes
ADAT3,1,Yes
ADCY1,17,Yes
ADCY5,17,Yes
ADCY6,17,Yes
ADCY7,17,Yes
ADD3,2,Yes
ADGRB2,44,Yes
ADGRD2,44,Yes
ADGRE2,44,Yes
ADGRE5,44,Yes
ADGRG1,44,Yes
ADGRG2,44,Yes
ADGRG3,44,Yes
ADGRG6,44,Yes
ADGRV1,7,Yes
ADIPOQ,24,Yes
ADK,4,Yes
ADNP,1,Yes
ADRA2B,19,Yes
ADSL,3,Yes
ADSSL1,1,Yes
AEBP1,7,Yes
AF241726.2,33,Yes
AFF2,3,Yes
AFF3,3,Yes
AFF4,3,Yes
AFG3L2,2,Yes
AFP,3,Yes
AGA,2,Yes
AGBL1,5,Yes
AGBL2,5,Yes
AGBL5,5,Yes
AGK,4,Yes
AGPAT2,1,Yes
AGPS,2,Yes
AGRN,28,Yes
AGT,36,Yes
AGTPBP1,5,Yes
AGTR1,7,Yes
AGXT,1,Yes
AHCY,2,Yes
AHI1,27,Yes
AHSG,3,Yes
AICDA,10,Yes
AIF1L,1,Yes
AIFM1,7,Yes
AIFM3,7,Yes
AIP,1,Yes
AIPL1,1,Yes
AIRE,5,Yes
AK1,8,Yes
AK2,8,Yes
AK7,8,Yes
AKAP9,1,Yes
AKR1C2,16,Yes
AKR1D1,16,Yes
AKT1,5,Yes
AKT2,5,Yes
AKT3,5,Yes
AL021546.1,1,Yes
AL049779.1,26,Yes
AL117348.2,4,Yes
AL132671.2,1,Yes
AL139011.2,1,Yes
AL139300.1,7,Yes
AL157392.5,1,Yes
AL159163.1,1,Yes
AL162231.3,25,Yes
AL355315.1,2,Yes
AL358113.1,4,Yes
AL590132.1,19,Yes
AL645922.1,40,Yes
AL662820.1,1,Yes
AL662899.2,1,Yes
AL669918.1,11,Yes
AL672142.1,1,Yes
ALAS2,5,Yes
ALB,3,Yes
ALDH1A3,18,Yes
ALDH1B1,18,Yes
ALDH3A2,18,Yes
ALDH3B1,18,Yes
ALDH4A1,18,Yes
ALDH5A1,18,Yes
ALDH6A1,18,Yes
ALDH7A1,18,Yes
ALDOA,3,Yes
ALDOB,3,Yes
ALDOC,3,Yes
ALG1,2,Yes
ALG11,3,Yes
ALG12,3,Yes
ALG2,3,Yes
ALG5,1,Yes
ALG6,1,Yes
ALG8,1,Yes
ALG9,3,Yes
ALK,54,Yes
ALKBH6,2,Yes
ALMS1,3,Yes
ALOX12B,5,Yes
ALOXE3,5,Yes
ALPK3,9,Yes
ALPL,3,Yes
ALS2,9,Yes
ALX1,50,Yes
ALX3,50,Yes
ALX4,50,Yes
AMACR,1,Yes
AMELX,1,Yes
AMER1,2,Yes
AMHR2,11,Yes
AMIGO3,2,Yes
AMMECR1,1,Yes
AMOT,2,Yes
AMPD1,2,Yes
AMPD2,2,Yes
AMPD3,2,Yes
AMT,10,Yes
AMY2B,7,Yes
ANAPC2,7,Yes
ANG,12,Yes
ANGPT2,25,Yes
ANGPTL3,25,Yes
ANK1,3,Yes
ANK2,3,Yes
ANK3,3,Yes
ANKIB1,9,Yes
ANKRD1,1,Yes
ANKRD2,1,Yes
ANKRD26,11,Yes
ANKRD37,1,Yes
ANKRD52,3,Yes
ANKS4B,1,Yes
ANKS6,2,Yes
ANLN,2,Yes
ANO10,10,Yes
ANO2,10,Yes
ANO3,10,Yes
ANO5,10,Yes
ANO6,10,Yes
ANO8,10,Yes
ANTXR1,2,Yes
ANTXR2,2,Yes
ANXA11,12,Yes
AP000311.1,1,Yes
AP000812.4,3,Yes
AP001273.2,1,Yes
AP001781.2,3,Yes
AP002748.4,1,Yes
AP003108.2,1,Yes
AP003419.1,1,Yes
AP1S1,6,Yes
AP1S2,6,Yes
AP2M1,8,Yes
AP2S1,6,Yes
AP3B1,4,Yes
AP3B2,4,Yes
AP4B1,4,Yes
AP4E1,4,Yes
AP4M1,8,Yes
AP4S1,6,Yes
AP5Z1,3,Yes
APBB1,2,Yes
APC,2,Yes
APC2,2,Yes
APCDD1,1,Yes
APEX1,1,Yes
APEX2,1,Yes
APOA1,3,Yes
APOA4,3,Yes
APOA5,3,Yes
APOC4,1,Yes
APOE,3,Yes
APOH,40,Yes
APP,2,Yes
APPL1,28,Yes
APTX,1,Yes
AQP1,12,Yes
AQP2,12,Yes
AQP4,12,Yes
AQP5,12,Yes
AR,8,Yes
ARAF,24,Yes
ARF1,32,Yes
ARFGEF2,16,Yes
ARFRP1,32,Yes
ARG1,2,Yes
ARHGAP1,2,Yes
ARHGAP11A,2,Yes
ARHGAP21,1,Yes
ARHGAP26,3,Yes
ARHGAP29,2,Yes
ARHGAP30,3,Yes
ARHGAP31,3,Yes
ARHGAP4,5,Yes
ARHGAP44,3,Yes
ARHGAP6,1,Yes
ARHGAP9,3,Yes
ARHGDIA,2,Yes
ARHGEF10,2,Yes
ARHGEF10L,2,Yes
ARHGEF15,6,Yes
ARHGEF18,9,Yes
ARHGEF2,9,Yes
ARHGEF39,10,Yes
ARHGEF9,25,Yes
ARID1A,1,Yes
ARID1B,1,Yes
ARL13B,32,Yes
ARL14EP,8,Yes
ARL16,32,Yes
ARL3,32,Yes
ARL6,32,Yes
ARL6IP1,1,Yes
ARMC4,4,Yes
ARNT,6,Yes
ARPC1B,2,Yes
ARPC4-TTLL3,14,Yes
ARR3,3,Yes
ARRDC1,5,Yes
ARSA,17,Yes
ARSB,17,Yes
ARSE,17,Yes
ARSG,17,Yes
ARX,50,Yes
ASAH1,1,Yes
ASB10,7,Yes
ASCL1,4,Yes
ASH1L,20,Yes
ASIC3,8,Yes
ASL,3,Yes
ASNS,2,Yes
ASPA,1,Yes
ASPH,2,Yes
ASPM,7,Yes
ASTN1,1,Yes
ASTN2,1,Yes
ASXL1,2,Yes
ASXL2,2,Yes
ASXL3,2,Yes
ATAD1,10,Yes
ATAD3A,2,Yes
ATF6,9,Yes
ATG4A,3,Yes
ATG9A,2,Yes
ATL1,10,Yes
ATL3,10,Yes
ATM,5,Yes
ATN1,1,Yes
ATOH7,15,Yes
ATP11C,13,Yes
ATP13A2,22,Yes
ATP1A1,22,Yes
ATP1A2,22,Yes
ATP1A3,22,Yes
ATP2A1,22,Yes
ATP2A2,22,Yes
ATP2B2,22,Yes
ATP2B3,22,Yes
ATP2C1,22,Yes
ATP5F1A,4,Yes
ATP6AP1,1,Yes
ATP6V0A2,3,Yes
ATP6V0A4,3,Yes
ATP6V0D1,1,Yes
ATP6V1A,4,Yes
ATP6V1B1,4,Yes
ATP6V1B2,4,Yes
ATP6V1E1,1,Yes
ATP7A,22,Yes
ATP7B,22,Yes
ATP8A2,13,Yes
ATP8B1,13,Yes
ATP8B3,13,Yes
ATR,5,Yes
ATRX,35,Yes
ATXN2,1,Yes
AUH,13,Yes
AURKC,2,Yes
AUTS2,2,Yes
AVIL,7,Yes
AVP,1,Yes
AVPR2,16,Yes
AWAT2,6,Yes
AXIN1,23,Yes
AXIN2,23,Yes
B2M,14,Yes
B3GALNT2,15,Yes
B3GALT6,15,Yes
B3GAT3,2,Yes
B3GLCT,3,Yes
B3GNT3,15,Yes
B3GNT6,15,Yes
B3GNT8,15,Yes
B4GALNT1,1,Yes
B4GALT1,6,Yes
B4GALT3,6,Yes
B4GALT7,6,Yes
B4GAT1,5,Yes
B9D1,2,Yes
B9D2,2,Yes
BAAT,4,Yes
BAG3,2,Yes
BAHD1,2,Yes
BAIAP2L2,2,Yes
BAIAP3,1,Yes
BANF1,1,Yes
BAP1,3,Yes
BAX,7,Yes
BAZ1A,11,Yes
BBOF1,1,Yes
BBS1,1,Yes
BBS12,13,Yes
BBS4,14,Yes
BBS5,1,Yes
BCAM,3,Yes
BCAP31,1,Yes
BCHE,13,Yes
BCKDHA,3,Yes
BCKDHB,4,Yes
BCKDK,4,Yes
BCL11A,14,Yes
BCL11B,14,Yes
BCL2L12,1,Yes
BCL2L2-PABPN1,2,Yes
BCO1,2,Yes
BCOR,1,Yes
BDNF,3,Yes
BEST1,3,Yes
BFSP2,69,Yes
BGN,22,Yes
BHLHA9,13,Yes
BHMT2,4,Yes
BICD2,1,Yes
BICDL2,2,Yes
BIN1,3,Yes
BIVM,2,Yes
BIVM-ERCC5,2,Yes
BLK,32,Yes
BLM,4,Yes
BLNK,3,Yes
BLOC1S1,1,Yes
BLVRA,3,Yes
BMP1,37,Yes
BMP15,32,Yes
BMP2,32,Yes
BMP4,32,Yes
BMP7,32,Yes
BMPER,19,Yes
BMPR1A,11,Yes
BMPR1B,11,Yes
BMPR2,11,Yes
BMS1,1,Yes
BOLA2B,3,Yes
BOLA3,3,Yes
BORCS8,1,Yes
BORCS8-MEF2B,1,Yes
BPGM,3,Yes
BPHL,12,Yes
BPTF,11,Yes
BRAF,24,Yes
BRD4,11,Yes
BRD7,2,Yes
BRDT,11,Yes
BRF1,2,Yes
BRIP1,4,Yes
BRMS1,2,Yes
BRPF1,8,Yes
BRWD3,2,Yes
BTD,3,Yes
BTK,32,Yes
BUB1,2,Yes
BUB1B,2,Yes
BUB1B-PAK6,2,Yes
BVES,2,Yes
C1GALT1C1,2,Yes
C1QA,24,Yes
C1QB,24,Yes
C1QC,24,Yes
C1QTNF5,24,Yes
C1QTNF9B,24,Yes
C1R,17,Yes
C1RL,17,Yes
C1S,17,Yes
C2,40,Yes
C3,8,Yes
C3AR1,8,Yes
C3orf20,2,Yes
C4B,8,Yes
C5,8,Yes
C6,40,Yes
C7,40,Yes
C8B,40,Yes
C9,40,Yes
C9orf116,1,Yes
CA1,14,Yes
CA12,14,Yes
CA2,14,Yes
CA4,14,Yes
CA5A,14,Yes
CA8,14,Yes
CA9,14,Yes
CABP2,20,Yes
CABP4,20,Yes
CACNA1A,27,Yes
CACNA1B,27,Yes
CACNA1C,27,Yes
CACNA1D,27,Yes
CACNA1E,27,Yes
CACNA1F,27,Yes
CACNA1G,27,Yes
CACNA1H,27,Yes
CACNA1S,27,Yes
CACNA2D1,4,Yes
CACNA2D2,4,Yes
CACNA2D4,4,Yes
CACNB2,4,Yes
CACNB4,4,Yes
CACNG7,5,Yes
CAD,2,Yes
CADM3,14,Yes
CALHM1,5,Yes
CALM1,20,Yes
CALM2,20,Yes
CALM3,20,Yes
CALML4,20,Yes
CALR,3,Yes
CALU,5,Yes
CAMK1G,22,Yes
CAMK2A,22,Yes
CAMK2B,22,Yes
CAMK2G,22,Yes
CAMK4,6,Yes
CAMKV,22,Yes
CAMTA1,1,Yes
CAP1,1,Yes
CAPG,7,Yes
CAPN1,20,Yes
CAPN3,20,Yes
CAPN5,20,Yes
CARD11,3,Yes
CARD14,3,Yes
CARD9,3,Yes
CARMIL2,4,Yes
CARS2,1,Yes
CASK,7,Yes
CASKIN1,1,Yes
CASKIN2,1,Yes
CASP10,17,Yes
CASP14,17,Yes
CASP8,17,Yes
CASQ1,1,Yes
CASQ2,1,Yes
CASR,4,Yes
CASTOR3,2,Yes
CATSPER1,27,Yes
CAV1,2,Yes
CAV3,2,Yes
CAVIN1,3,Yes
CBL,2,Yes
CBS,6,Yes
CBX2,8,Yes
CBX5,8,Yes
CC2D1A,1,Yes
CC2D2A,2,Yes
CCDC114,3,Yes
CCDC122,7,Yes
CCDC151,3,Yes
CCDC189,1,Yes
CCDC63,3,Yes
CCDC65,1,Yes
CCDC85B,2,Yes
CCDC85C,2,Yes
CCDC88A,5,Yes
CCDC88C,5,Yes
CCL2,27,Yes
CCL27,1,Yes
CCM2,1,Yes
CCNA2,19,Yes
CCND2,19,Yes
CCNH,6,Yes
CCNK,6,Yes
CCNO,19,Yes
CCNQ,6,Yes
CCR10,23,Yes
CCR5,23,Yes
CCT5,13,Yes
CCT7,13,Yes
CD151,33,Yes
CD164,2,Yes
CD207,14,Yes
CD27,21,Yes
CD2AP,3,Yes
CD36,2,Yes
CD3D,2,Yes
CD3E,2,Yes
CD3G,2,Yes
CD40,21,Yes
CD40LG,8,Yes
CD46,40,Yes
CD55,40,Yes
CD59,4,Yes
CD63,33,Yes
CD68,3,Yes
CD79A,1,Yes
CD79B,1,Yes
CD81,33,Yes
CDC14A,8,Yes
CDC42,23,Yes
CDC42BPA,5,Yes
CDC42BPB,5,Yes
CDC6,1,Yes
CDCA7,1,Yes
CDCA7L,1,Yes
CDH1,34,Yes
CDH11,34,Yes
CDH15,34,Yes
CDH2,34,Yes
CDH23,34,Yes
CDH3,34,Yes
CDH4,34,Yes
CDHR1,34,Yes
CDHR5,34,Yes
CDK10,26,Yes
CDK12,26,Yes
CDK13,26,Yes
CDK20,26,Yes
CDK2AP1,1,Yes
CDK4,26,Yes
CDK5,26,Yes
CDK5RAP2,1,Yes
CDK6,26,Yes
CDKL5,26,Yes
CDKN1B,2,Yes
CDKN1C,2,Yes
CDKN2A,1,Yes
CDON,36,Yes
CEACAM16,25,Yes
CEBPA,4,Yes
CEBPE,4,Yes
CEBPG,4,Yes
CEL,13,Yes
CELSR1,6,Yes
CELSR2,6,Yes
CENPE,41,Yes
CENPJ,3,Yes
CEP135,4,Yes
CEP152,3,Yes
CEP164,3,Yes
CEP41,1,Yes
CEP57,1,Yes
CEP63,2,Yes
CEP83,1,Yes
CEP85L,1,Yes
CEP97,13,Yes
CERKL,4,Yes
CERS1,32,Yes
CERS3,4,Yes
CES1,13,Yes
CETP,12,Yes
CFAP298,1,Yes
CFAP44,9,Yes
CFAP70,14,Yes
CFB,40,Yes
CFC1,4,Yes
CFD,17,Yes
CFH,40,Yes
CFHR3,40,Yes
CFHR5,40,Yes
CFI,17,Yes
CFL2,2,Yes
CFTR,11,Yes
CGB7,10,Yes
CHAT,6,Yes
CHCHD10,1,Yes
CHCHD2,1,Yes
CHD1,35,Yes
CHD2,35,Yes
CHD3,35,Yes
CHD4,35,Yes
CHD7,35,Yes
CHD8,35,Yes
CHKA,4,Yes
CHKB,4,Yes
CHM,3,Yes
CHMP1A,5,Yes
CHMP2B,5,Yes
CHMP4B,4,Yes
CHN1,5,Yes
CHPT1,2,Yes
CHRD,19,Yes
CHRDL1,19,Yes
CHRM3,25,Yes
CHRNA1,46,Yes
CHRNA10,46,Yes
CHRNA2,46,Yes
CHRNA4,46,Yes
CHRNA7,46,Yes
CHRNB1,46,Yes
CHRNB2,46,Yes
CHRND,46,Yes
CHRNE,46,Yes
CHRNG,46,Yes
CHST14,6,Yes
CHST3,6,Yes
CHST5,6,Yes
CHST6,6,Yes
CHST8,6,Yes
CHSY1,7,Yes
CHUK,3,Yes
CIB2,9,Yes
CIC,1,Yes
CIDEC,3,Yes
CIITA,20,Yes
CISD2,2,Yes
CIT,5,Yes
CKAP2L,1,Yes
CKLF,15,Yes
CKLF-CMTM1,15,Yes
CKMT1B,4,Yes
CKS1B,2,Yes
CLASP1,3,Yes
CLCF1,1,Yes
CLCN1,8,Yes
CLCN2,8,Yes
CLCN4,8,Yes
CLCN5,8,Yes
CLCN6,8,Yes
CLCN7,8,Yes
CLCNKA,8,Yes
CLCNKB,8,Yes
CLDN1,24,Yes
CLDN10,24,Yes
CLDN14,24,Yes
CLDN16,24,Yes
CLDN19,24,Yes
CLDN2,24,Yes
CLDN5,24,Yes
CLHC1,2,Yes
CLIC2,14,Yes
CLIC5,14,Yes
CLMP,15,Yes
CLN3,1,Yes
CLN5,1,Yes
CLN8,7,Yes
CLOCK,6,Yes
CLP1,1,Yes
CLRN1,2,Yes
CLRN2,2,Yes
CLSTN1,2,Yes
CLTC,2,Yes
CLTCL1,2,Yes
CLVS1,3,Yes
CNGA1,19,Yes
CNGA3,19,Yes
CNGB1,19,Yes
CNGB3,19,Yes
CNKSR2,4,Yes
CNNM2,3,Yes
CNNM4,3,Yes
CNOT3,1,Yes
CNPY3,1,Yes
CNR2,18,Yes
CNTN1,36,Yes
CNTN2,36,Yes
CNTN6,36,Yes
CNTNAP1,37,Yes
CNTNAP2,37,Yes
COASY,1,Yes
COCH,12,Yes
COG4,1,Yes
COG8,2,Yes
COL10A1,24,Yes
COL11A1,37,Yes
COL11A2,37,Yes
COL12A1,12,Yes
COL13A1,37,Yes
COL17A1,37,Yes
COL18A1,37,Yes
COL1A1,37,Yes
COL1A2,37,Yes
COL25A1,37,Yes
COL27A1,37,Yes
COL2A1,37,Yes
COL3A1,37,Yes
COL4A1,37,Yes
COL4A2,37,Yes
COL4A3,37,Yes
COL4A3BP,5,Yes
COL4A4,37,Yes
COL4A5,37,Yes
COL4A6,37,Yes
COL5A1,37,Yes
COL5A2,37,Yes
COL6A1,37,Yes
COL6A2,37,Yes
COL6A3,12,Yes
COL6A6,12,Yes
COL7A1,37,Yes
COL8A2,24,Yes
COL9A1,37,Yes
COL9A2,37,Yes
COL9A3,37,Yes
COLEC10,4,Yes
COLEC11,4,Yes
COLQ,37,Yes
COMP,5,Yes
COPA,1,Yes
COPB2,1,Yes
COQ2,1,Yes
COQ6,1,Yes
COQ8A,4,Yes
COQ8B,4,Yes
CORO1A,7,Yes
CORO7-PAM16,7,Yes
COX10,1,Yes
COX15,1,Yes
COX6A1,1,Yes
COX6B1,1,Yes
COX7B,1,Yes
COX8A,1,Yes
CP,37,Yes
CPA6,8,Yes
CPAMD8,8,Yes
CPEB1,4,Yes
CPLX1,3,Yes
CPNE1,8,Yes
CPNE6,8,Yes
CPNE9,8,Yes
CPOX,1,Yes
CPS1,2,Yes
CPSF1,2,Yes
CPSF7,1,Yes
CPT1A,6,Yes
CPT1B,6,Yes
CPT1C,6,Yes
CPT2,6,Yes
CR2,40,Yes
CRACR2B,1,Yes
CRAT,6,Yes
CRB2,3,Yes
CREB3,9,Yes
CREB3L1,9,Yes
CREBBP,1,Yes
CRELD1,8,Yes
CRELD2,8,Yes
CRH,1,Yes
CRIPT,2,Yes
CRLF1,25,Yes
CRLF2,25,Yes
CRNKL1,2,Yes
CROT,6,Yes
CRTAP,1,Yes
CRTC1,2,Yes
CRX,50,Yes
CRYAA,10,Yes
CRYAB,10,Yes
CRYBA1,14,Yes
CRYBA4,14,Yes
CRYBB1,14,Yes
CRYBB2,14,Yes
CRYBB3,14,Yes
CRYGA,14,Yes
CRYGB,14,Yes
CRYGC,14,Yes
CRYGD,14,Yes
CRYGS,14,Yes
CRYZL1,18,Yes
CSF1R,54,Yes
CSF2RA,25,Yes
CSF2RB,7,Yes
CSF3R,25,Yes
CSKMT,2,Yes
CSNK1D,13,Yes
CSNK1E,13,Yes
CSNK1G1,13,Yes
CSNK2A1,2,Yes
CSRP3,2,Yes
CST3,11,Yes
CSTA,1,Yes
CSTB,1,Yes
CTBP1,3,Yes
CTCF,39,Yes
CTHRC1,2,Yes
CTLA4,1,Yes
CTNNA1,4,Yes
CTNNA2,4,Yes
CTNNA3,4,Yes
CTNNB1,4,Yes
CTNND1,6,Yes
CTNND2,6,Yes
CTPS1,1,Yes
CTRC,2,Yes
CTSA,2,Yes
CTSC,12,Yes
CTSD,10,Yes
CTSF,12,Yes
CTSK,12,Yes
CTSW,12,Yes
CUBN,37,Yes
CUL3,7,Yes
CUL4B,7,Yes
CUL7,1,Yes
CUX2,1,Yes
CWC27,22,Yes
CWF19L1,1,Yes
CXCR4,23,Yes
CYB561,2,Yes
CYB561A3,2,Yes
CYB561D2,1,Yes
CYB5A,1,Yes
CYB5R3,6,Yes
CYB5R4,6,Yes
CYBB,6,Yes
CYFIP1,1,Yes
CYFIP2,1,Yes
CYGB,12,Yes
CYP11A1,2,Yes
CYP11B1,2,Yes
CYP11B2,2,Yes
CYP19A1,12,Yes
CYP1B1,2,Yes
CYP24A1,3,Yes
CYP26B1,2,Yes
CYP27A1,3,Yes
CYP27B1,3,Yes
CYP2C8,17,Yes
CYP2C9,17,Yes
CYP2R1,17,Yes
CYP2U1,17,Yes
CYP4F22,12,Yes
CYP4V2,12,Yes
CYP7B1,2,Yes
D2HGDH,2,Yes
DAAM2,18,Yes
DACT1,2,Yes
DARS,4,Yes
DARS2,4,Yes
DBH,1,Yes
DBNL,4,Yes
DBT,3,Yes
DCAF6,5,Yes
DCAF8,5,Yes
DCC,36,Yes
DCDC2,2,Yes
DCHS1,34,Yes
DCLRE1B,2,Yes
DCLRE1C,2,Yes
DCN,22,Yes
DCTN1,5,Yes
DCX,6,Yes
DDAH2,1,Yes
DDC,7,Yes
DDHD1,2,Yes
DDHD2,2,Yes
DDR2,54,Yes
DDX11,4,Yes
DDX21,38,Yes
DDX25,38,Yes
DDX39A,38,Yes
DDX3X,38,Yes
DDX41,38,Yes
DDX5,38,Yes
DDX55,38,Yes
DDX58,2,Yes
DDX59,38,Yes
DEDD2,1,Yes
DENND1A,2,Yes
DENND3,3,Yes
DENND5A,10,Yes
DEPDC5,1,Yes
DERL3,2,Yes
DES,69,Yes
DGAT1,2,Yes
DGCR6,3,Yes
DGKE,9,Yes
DGKZ,9,Yes
DGUOK,3,Yes
DHCR7,2,Yes
DHFR,2,Yes
DHH,2,Yes
DHODH,2,Yes
DHTKD1,2,Yes
DHX30,18,Yes
DHX37,18,Yes
DHX38,18,Yes
DIABLO,1,Yes
DIAPH1,18,Yes
DIS3L2,2,Yes
DISP1,10,Yes
DISP2,10,Yes
DLAT,3,Yes
DLC1,2,Yes
DLD,7,Yes
DLG3,3,Yes
DLG4,3,Yes
DLL3,8,Yes
DLL4,5,Yes
DLX3,9,Yes
DLX4,9,Yes
DLX5,9,Yes
DMBX1,50,Yes
DMD,36,Yes
DMGDH,10,Yes
DMPK,14,Yes
DMRT1,8,Yes
DMXL2,1,Yes
DNA2,10,Yes
DNAAF1,13,Yes
DNAAF2,2,Yes
DNAAF3,2,Yes
DNAAF4,18,Yes
DNAH1,14,Yes
DNAH11,14,Yes
DNAH5,14,Yes
DNAH7,14,Yes
DNAH8,14,Yes
DNAI1,7,Yes
DNAI2,7,Yes
DNAJB11,12,Yes
DNAJB13,12,Yes
DNAJB2,12,Yes
DNAJB5,12,Yes
DNAJB6,12,Yes
DNAJC12,22,Yes
DNAJC19,1,Yes
DNAJC2,22,Yes
DNAJC21,22,Yes
DNAJC3,22,Yes
DNAJC5,22,Yes
DNAJC6,1,Yes
DNAJC9,22,Yes
DNASE1L1,3,Yes
DNASE2,1,Yes
DND1,37,Yes
DNM1,6,Yes
DNM1L,6,Yes
DNM2,6,Yes
DNMT1,1,Yes
DNMT3A,5,Yes
DNMT3B,5,Yes
DOCK1,10,Yes
DOCK2,10,Yes
DOCK3,10,Yes
DOCK6,10,Yes
DOCK7,10,Yes
DOCK8,10,Yes
DOK3,7,Yes
DPF2,9,Yes
DPH1,1,Yes
DPM1,1,Yes
DPP6,6,Yes
DPP7,2,Yes
DPY19L2,3,Yes
DPYD,2,Yes
DPYS,5,Yes
DPYSL2,5,Yes
DQX1,18,Yes
DRAM2,4,Yes
DRC1,1,Yes
DRC3,13,Yes
DRD4,25,Yes
DRP2,36,Yes
DSC2,6,Yes
DSC3,6,Yes
DSCAM,36,Yes
DSCAML1,36,Yes
DSE,2,Yes
DSG1,6,Yes
DSG2,6,Yes
DSG4,6,Yes
DSP,36,Yes
DST,36,Yes
DSTYK,6,Yes
DTNA,36,Yes
DTNBP1,2,Yes
DUOX2,6,Yes
DUOXA1,1,Yes
DUOXA2,1,Yes
DUSP6,30,Yes
DVL1,3,Yes
DVL2,3,Yes
DVL3,3,Yes
DYNC1H1,14,Yes
DYNC2H1,14,Yes
DYRK1A,13,Yes
DYRK1B,13,Yes
DYSF,4,Yes
DZIP1L,4,Yes
EARS2,2,Yes
EBF3,3,Yes
EBP,2,Yes
ECE1,6,Yes
ECEL1,6,Yes
ECHS1,13,Yes
EDA,37,Yes
EDAR,2,Yes
EDN1,2,Yes
EDN3,2,Yes
EDNRA,15,Yes
EDNRB,15,Yes
EEF1A2,18,Yes
EEF1AKMT3,4,Yes
EEF1AKMT4,2,Yes
EEF1G,14,Yes
EEF2,18,Yes
EEF2KMT,3,Yes
EFEMP1,6,Yes
EFEMP2,6,Yes
EFHC1,2,Yes
EFL1,18,Yes
EFNB1,8,Yes
EFNB3,8,Yes
EFR3B,1,Yes
EFTUD2,18,Yes
EGF,15,Yes
EGFL7,4,Yes
EGFR,54,Yes
EGLN1,3,Yes
EGR2,4,Yes
EHBP1,7,Yes
EHHADH,3,Yes
EHMT1,20,Yes
EIF2AK1,8,Yes
EIF2AK3,8,Yes
EIF2AK4,8,Yes
EIF2B1,3,Yes
EIF2B2,3,Yes
EIF2B3,3,Yes
EIF2B4,3,Yes
EIF2B5,3,Yes
EIF2S3,18,Yes
EIF4A1,38,Yes
EIF4A3,38,Yes
EIF4E1B,3,Yes
EIF4E2,3,Yes
ELAC2,1,Yes
ELANE,6,Yes
ELAVL3,24,Yes
ELF2,29,Yes
ELMO2,5,Yes
ELMOD3,5,Yes
ELOVL3,6,Yes
ELOVL4,6,Yes
ELOVL5,6,Yes
EME2,1,Yes
EML1,9,Yes
EML3,9,Yes
EMP2,10,Yes
ENG,2,Yes
ENKD1,1,Yes
ENO3,3,Yes
ENPP1,6,Yes
ENTPD1,7,Yes
ENTPD5,7,Yes
EOGT,1,Yes
EP300,1,Yes
EPAS1,7,Yes
EPB41,10,Yes
EPB41L1,10,Yes
EPB41L4A,10,Yes
EPB41L4B,10,Yes
EPB42,9,Yes
EPCAM,1,Yes
EPG5,2,Yes
EPHA2,54,Yes
EPHA4,54,Yes
EPHA5,54,Yes
EPHB2,54,Yes
EPHB4,54,Yes
EPHB6,54,Yes
EPM2A,30,Yes
EPM2AIP1,19,Yes
EPOR,7,Yes
EPRS,2,Yes
EPS8,3,Yes
EPS8L2,3,Yes
EPX,5,Yes
ERAL1,1,Yes
ERAP1,11,Yes
ERAS,35,Yes
ERBB2,54,Yes
ERBB3,54,Yes
ERBB4,54,Yes
ERCC2,4,Yes
ERCC5,2,Yes
ERCC6,35,Yes
ERCC6L2,35,Yes
ERCC8,9,Yes
ERF,29,Yes
ERGIC1,2,Yes
ERI1,2,Yes
ERLIN1,1,Yes
ERLIN2,1,Yes
ERMAP,16,Yes
ESCO2,5,Yes
ESPN,1,Yes
ESR1,8,Yes
ESR2,8,Yes
ESRP1,8,Yes
ESRRB,8,Yes
ETHE1,4,Yes
ETNK2,4,Yes
ETV6,29,Yes
EVC,1,Yes
EVC2,1,Yes
EVI2A,1,Yes
EXO1,2,Yes
EXOC3L2,4,Yes
EXOC6B,1,Yes
EXOSC2,1,Yes
EXOSC3,1,Yes
EXOSC4,2,Yes
EXOSC5,2,Yes
EXOSC6,2,Yes
EXOSC8,2,Yes
EXOSC9,2,Yes
EXT1,4,Yes
EXT2,4,Yes
EXTL3,4,Yes
EYA1,3,Yes
EYA4,3,Yes
EYS,6,Yes
EZH1,20,Yes
EZH2,20,Yes
F10,17,Yes
F11,17,Yes
F12,17,Yes
F13A1,9,Yes
F13B,40,Yes
F2,1,Yes
F5,37,Yes
F7,17,Yes
F8,37,Yes
F9,17,Yes
FAAH2,2,Yes
FAH,3,Yes
FAM102A,1,Yes
FAM111A,1,Yes
FAM111B,1,Yes
FAM120A,3,Yes
FAM126A,1,Yes
FAM129B,2,Yes
FAM131A,2,Yes
FAM131B,2,Yes
FAM131C,2,Yes
FAM161A,2,Yes
FAM166B,1,Yes
FAM171A2,2,Yes
FAM177A1,1,Yes
FAM180B,1,Yes
FAM187A,1,Yes
FAM189A1,2,Yes
FAM193B,1,Yes
FAM20A,2,Yes
FAM20C,2,Yes
FAM219A,1,Yes
FAM219B,1,Yes
FAM222A,1,Yes
FAM50A,1,Yes
FAM57A,7,Yes
FAM83E,7,Yes
FAM83H,7,Yes
FAM92A,1,Yes
FAM98C,2,Yes
FAR1,1,Yes
FARS2,2,Yes
FARSB,1,Yes
FAS,21,Yes
FASLG,8,Yes
FASTKD1,5,Yes
FASTKD2,5,Yes
FAT2,6,Yes
FAT4,6,Yes
FBL,1,Yes
FBLN5,6,Yes
FBN1,2,Yes
FBN2,2,Yes
FBP1,1,Yes
FBXL3,16,Yes
FBXL4,16,Yes
FBXL5,16,Yes
FBXL6,16,Yes
FBXL8,1,Yes
FBXO11,1,Yes
FBXO31,1,Yes
FBXO41,1,Yes
FBXO6,5,Yes
FBXW7,14,Yes
FCGR1A,18,Yes
FCN3,25,Yes
FDXR,2,Yes
FERMT1,2,Yes
FERMT3,2,Yes
FEZF1,29,Yes
FFAR4,16,Yes
FGA,25,Yes
FGB,25,Yes
FGD1,10,Yes
FGD4,10,Yes
FGF10,21,Yes
FGF11,21,Yes
FGF12,21,Yes
FGF14,21,Yes
FGF16,21,Yes
FGF17,21,Yes
FGF20,21,Yes
FGF21,21,Yes
FGF23,21,Yes
FGF3,21,Yes
FGF5,21,Yes
FGF8,21,Yes
FGF9,21,Yes
FGFR1,54,Yes
FGFR2,54,Yes
FGFR3,54,Yes
FGFR4,54,Yes
FGG,25,Yes
FH,3,Yes
FHL1,21,Yes
FIG4,13,Yes
FIGLA,13,Yes
FKBP10,19,Yes
FKBP11,19,Yes
FKBP14,19,Yes
FKBP7,19,Yes
FLCN,1,Yes
FLG,3,Yes
FLG2,3,Yes
FLI1,29,Yes
FLNA,36,Yes
FLNB,36,Yes
FLNC,36,Yes
FLOT1,1,Yes
FLRT3,22,Yes
FLT3,54,Yes
FLT4,54,Yes
FLVCR1,4,Yes
FLVCR2,4,Yes
FMN2,18,Yes
FMO3,5,Yes
FMR1,2,Yes
FN1,25,Yes
FNDC4,1,Yes
FOLR1,4,Yes
FOLR2,4,Yes
FOSB,8,Yes
FOSL1,8,Yes
FOXC1,43,Yes
FOXC2,43,Yes
FOXE1,43,Yes
FOXE3,43,Yes
FOXF1,43,Yes
FOXG1,4,Yes
FOXI1,4,Yes
FOXJ2,43,Yes
FOXL2,43,Yes
FOXN1,43,Yes
FOXO4,43,Yes
FOXP1,43,Yes
FOXP2,4,Yes
FOXP3,43,Yes
FOXP4,4,Yes
FOXRED1,10,Yes
FPGT-TNNI3K,24,Yes
FRA10AC1,5,Yes
FRAS1,7,Yes
FREM1,7,Yes
FREM2,7,Yes
FRMD4A,6,Yes
FRMD7,10,Yes
FRMPD4,2,Yes
FRRS1L,2,Yes
FSBP,35,Yes
FSHB,10,Yes
FSHR,3,Yes
FTCD,1,Yes
FTH1,3,Yes
FTL,3,Yes
FTSJ1,3,Yes
FUCA1,1,Yes
FUNDC2,1,Yes
FUS,2,Yes
FUT1,1,Yes
FUT2,1,Yes
FXR1,2,Yes
FXR2,2,Yes
FXYD1,7,Yes
FXYD2,7,Yes
FXYD3,7,Yes
FXYD6-FXYD2,7,Yes
FYB1,2,Yes
FYCO1,1,Yes
FZD2,15,Yes
FZD4,15,Yes
FZD6,15,Yes
G6PC,2,Yes
G6PC3,2,Yes
G6PD,1,Yes
GAA,7,Yes
GAB1,7,Yes
GABBR2,2,Yes
GABRA1,46,Yes
GABRB1,46,Yes
GABRB2,46,Yes
GABRB3,46,Yes
GABRG2,46,Yes
GAD1,7,Yes
GAL3ST2,3,Yes
GALE,10,Yes
GALK1,2,Yes
GALNS,17,Yes
GALNT14,21,Yes
GALNT3,21,Yes
GALNT4,21,Yes
GAN,55,Yes
GANAB,7,Yes
GANC,7,Yes
GAPDH,1,Yes
GAREM2,1,Yes
GARS,1,Yes
GATA1,7,Yes
GATA2,7,Yes
GATA3,7,Yes
GATA4,7,Yes
GATA5,7,Yes
GATA6,7,Yes
GATAD2B,1,Yes
GATC,1,Yes
GBE1,7,Yes
GCDH,14,Yes
GCGR,44,Yes
GCK,4,Yes
GCM2,1,Yes
GCNT2,8,Yes
GCOM1,4,Yes
GCSH,2,Yes
GDAP1,14,Yes
GDF1,32,Yes
GDF2,32,Yes
GDF3,32,Yes
GDF5,32,Yes
GDF6,32,Yes
GDF9,32,Yes
GDI1,3,Yes
GDPD4,5,Yes
GFAP,69,Yes
GFI1,29,Yes
GFI1B,29,Yes
GFM1,18,Yes
GFM2,18,Yes
GFPT1,1,Yes
GGA3,11,Yes
GH1,6,Yes
GHR,25,Yes
GHRHR,44,Yes
GHSR,15,Yes
GID8,3,Yes
GIGYF2,1,Yes
GIPC3,2,Yes
GJA1,20,Yes
GJA3,20,Yes
GJA5,20,Yes
GJA8,20,Yes
GJB1,20,Yes
GJB2,20,Yes
GJB3,20,Yes
GJB4,20,Yes
GJB5,20,Yes
GJB6,20,Yes
GJC2,20,Yes
GK,7,Yes
GLA,1,Yes
GLB1,3,Yes
GLDN,9,Yes
GLI1,14,Yes
GLI2,14,Yes
GLI3,14,Yes
GLIS2,14,Yes
GLIS3,14,Yes
GLRA1,46,Yes
GLRB,46,Yes
GLRX5,1,Yes
GLUD1,1,Yes
GLUD2,1,Yes
GLUL,1,Yes
GLYR1,1,Yes
GMNN,2,Yes
GMPPA,3,Yes
GMPPB,3,Yes
GMPR2,3,Yes
GNA11,15,Yes
GNA14,15,Yes
GNAI2,15,Yes
GNAI3,15,Yes
GNAL,15,Yes
GNAO1,15,Yes
GNAQ,15,Yes
GNAS,15,Yes
GNAT1,15,Yes
GNAT2,15,Yes
GNB1,4,Yes
GNB3,4,Yes
GNB4,4,Yes
GNB5,4,Yes
GNG3,10,Yes
GNPAT,2,Yes
GNPTG,1,Yes
GNRH1,1,Yes
GNRHR,16,Yes
GNS,17,Yes
GOSR2,3,Yes
GP1BA,22,Yes
GP1BB,1,Yes
GP6,25,Yes
GP9,1,Yes
GPATCH4,1,Yes
GPC3,5,Yes
GPC4,5,Yes
GPC6,5,Yes
GPD1,1,Yes
GPIHBP1,3,Yes
GPM6B,2,Yes
GPNMB,2,Yes
GPR152,10,Yes
GPR153,1,Yes
GPR161,25,Yes
GPR179,1,Yes
GPR61,3,Yes
GPR68,1,Yes
GPR88,33,Yes
GPRASP2,11,Yes
GPSM2,6,Yes
GPT,8,Yes
GPT2,8,Yes
GPX4,7,Yes
GREB1L,1,Yes
GREM2,2,Yes
GRHL2,5,Yes
GRHL3,5,Yes
GRHPR,3,Yes
GRIA3,17,Yes
GRIA4,17,Yes
GRID2,17,Yes
GRIK2,17,Yes
GRIK4,17,Yes
GRIN1,17,Yes
GRIN2A,17,Yes
GRIN2B,17,Yes
GRIN2C,17,Yes
GRIN2D,17,Yes
GRIP1,6,Yes
GRK1,7,Yes
GRM1,7,Yes
GRM6,7,Yes
GRM7,7,Yes
GRXCR1,2,Yes
GRXCR2,2,Yes
GSC,50,Yes
GSN,7,Yes
GSPT2,18,Yes
GSTP1,11,Yes
GSTZ1,14,Yes
GTF2IRD1,19,Yes
GTPBP2,18,Yes
GTPBP3,1,Yes
GTSE1,1,Yes
GUCA1A,15,Yes
GUCY1A1,17,Yes
GUCY2C,17,Yes
GUCY2D,17,Yes
GUF1,18,Yes
GUSB,1,Yes
GYG1,1,Yes
GYPA,2,Yes
GYS1,1,Yes
GYS2,1,Yes
GZF1,56,Yes
H2AFX,27,Yes
H3F3A,20,Yes
H6PD,1,Yes
HACE1,25,Yes
HACL1,1,Yes
HADH,3,Yes
HADHA,3,Yes
HADHB,4,Yes
HAND2,13,Yes
HAPLN3,7,Yes
HARS,1,Yes
HARS2,1,Yes
HBA1,12,Yes
HBA2,12,Yes
HBB,12,Yes
HBD,12,Yes
HBG1,12,Yes
HBG2,12,Yes
HBQ1,12,Yes
HCFC1,10,Yes
HCN1,19,Yes
HCN3,19,Yes
HCN4,19,Yes
HDAC1,11,Yes
HDAC10,11,Yes
HDAC3,11,Yes
HDAC4,11,Yes
HDAC5,11,Yes
HDAC6,11,Yes
HDAC8,11,Yes
HDC,7,Yes
HECW2,25,Yes
HELLS,35,Yes
HELZ,10,Yes
HEPACAM,25,Yes
HERC1,9,Yes
HERC2,25,Yes
HES7,12,Yes
HESX1,50,Yes
HEXA,2,Yes
HEXB,2,Yes
HFE,23,Yes
HFM1,8,Yes
HGF,6,Yes
HGS,11,Yes
HHAT,1,Yes
HHATL,1,Yes
HIBCH,13,Yes
HIGD1B,4,Yes
HIGD2B,4,Yes
HINT1,2,Yes
HINT2,2,Yes
HIPK4,13,Yes
HIST1H1B,9,Yes
HIST1H1E,9,Yes
HIST1H2BD,22,Yes
HIST1H3I,20,Yes
HIST1H4L,14,Yes
HIST2H2BF,22,Yes
HIVEP1,14,Yes
HIVEP2,14,Yes
HJV,2,Yes
HK1,4,Yes
HLTF,35,Yes
HMCN1,9,Yes
HMGA2,5,Yes
HMGB3,19,Yes
HMGCL,1,Yes
HMGCS2,1,Yes
HMX1,4,Yes
HNF1A,1,Yes
HNF1B,1,Yes
HNF4A,11,Yes
HNRNPA1,37,Yes
HNRNPA2B1,37,Yes
HNRNPAB,37,Yes
HNRNPDL,37,Yes
HNRNPH2,8,Yes
HNRNPK,12,Yes
HNRNPR,24,Yes
HNRNPU,3,Yes
HOGA1,1,Yes
HOMER2,3,Yes
HOXA1,43,Yes
HOXA11,43,Yes
HOXA13,43,Yes
HOXA2,43,Yes
HOXA3,43,Yes
HOXB1,43,Yes
HOXB13,43,Yes
HOXC13,43,Yes
HOXD10,43,Yes
HOXD13,43,Yes
HOXD9,43,Yes
HPCA,15,Yes
HPD,1,Yes
HPDL,1,Yes
HPN,17,Yes
HPRT1,6,Yes
HPS5,1,Yes
HPSE2,1,Yes
HR,3,Yes
HRAS,35,Yes
HRG,3,Yes
HSBP1L1,1,Yes
HSD11B1,13,Yes
HSD11B1L,13,Yes
HSD11B2,26,Yes
HSD17B10,26,Yes
HSD17B3,26,Yes
HSD17B4,26,Yes
HSD3B2,10,Yes
HSD3B7,10,Yes
HSDL1,26,Yes
HSF1,9,Yes
HSF4,9,Yes
HSPA9,13,Yes
HSPB1,10,Yes
HSPB2,10,Yes
HSPB8,10,Yes
HSPD1,13,Yes
HSPE1-MOB4,7,Yes
HSPG2,28,Yes
HTR1A,25,Yes
HTRA1,3,Yes
HTRA2,3,Yes
HUWE1,25,Yes
HYAL1,4,Yes
HYAL3,4,Yes
HYDIN,2,Yes
IARS,7,Yes
IARS2,7,Yes
ICK,19,Yes
ICOSLG,16,Yes
IDH1,1,Yes
IDH2,1,Yes
IDH3B,2,Yes
IDH3G,2,Yes
IDS,17,Yes
IER3IP1,1,Yes
IFFO2,1,Yes
IFIH1,2,Yes
IFITM10,4,Yes
IFITM5,4,Yes
IFNAR2,12,Yes
IFNGR1,12,Yes
IFNGR2,12,Yes
IFT140,1,Yes
IFT172,1,Yes
IFT27,71,Yes
IFT80,2,Yes
IGF1,3,Yes
IGF1R,54,Yes
IGF2,3,Yes
IGFALS,22,Yes
IGFBP4,5,Yes
IGFBP7,2,Yes
IGHMBP2,10,Yes
IGLL1,83,Yes
IGSF1,25,Yes
IGSF3,5,Yes
IHH,2,Yes
IK,2,Yes
IKBKB,3,Yes
IKBKG,1,Yes
IKZF1,11,Yes
IKZF4,11,Yes
IL10,4,Yes
IL10RA,12,Yes
IL10RB,12,Yes
IL11RA,25,Yes
IL12RB1,25,Yes
IL17C,5,Yes
IL17F,5,Yes
IL17RA,4,Yes
IL17RC,4,Yes
IL17RD,4,Yes
IL17RE,4,Yes
IL1RAPL1,10,Yes
IL1RN,7,Yes
IL21R,7,Yes
IL2RB,7,Yes
IL2RG,25,Yes
IL36RN,7,Yes
IL4I1,8,Yes
IL4R,7,Yes
IL7R,7,Yes
ILDR1,2,Yes
ILF2,14,Yes
ILK,24,Yes
IMP4,1,Yes
IMPA1,4,Yes
IMPAD1,4,Yes
IMPDH1,3,Yes
IMPDH2,3,Yes
IMPG1,1,Yes
IMPG2,1,Yes
INA,69,Yes
INF2,18,Yes
ING1,4,Yes
INHA,32,Yes
INO80,35,Yes
INO80B,1,Yes
INPP5B,13,Yes
INPP5E,13,Yes
INPP5K,13,Yes
INPPL1,13,Yes
INS,3,Yes
INS-IGF2,3,Yes
INSR,54,Yes
INSRR,54,Yes
IP6K1,6,Yes
IQCA1L,1,Yes
IQCE,1,Yes
IQSEC2,16,Yes
IRAK3,4,Yes
IRAK4,4,Yes
IRF1,8,Yes
IRF2BP2,5,Yes
IRF2BPL,5,Yes
IRF3,8,Yes
IRF6,8,Yes
IRF7,8,Yes
IRF8,8,Yes
IRGM,1,Yes
IRS1,2,Yes
IRX5,6,Yes
ISCA1,1,Yes
ISCA2,1,Yes
ISG15,11,Yes
ISLR,3,Yes
ITCH,25,Yes
ITGA10,17,Yes
ITGA2,17,Yes
ITGA2B,17,Yes
ITGA3,17,Yes
ITGA4,17,Yes
ITGA6,17,Yes
ITGA7,17,Yes
ITGA8,17,Yes
ITGB1BP2,1,Yes
ITGB2,9,Yes
ITGB3,9,Yes
ITGB4,9,Yes
ITGB6,9,Yes
ITK,32,Yes
ITM2B,2,Yes
ITPKC,6,Yes
ITPR1,5,Yes
ITPR2,5,Yes
ITPR3,5,Yes
ITSN1,10,Yes
ITSN2,10,Yes
IVD,14,Yes
JAG1,5,Yes
JAK1,32,Yes
JAK2,32,Yes
JAK3,32,Yes
JAKMIP1,2,Yes
JAM3,15,Yes
JMJD7,4,Yes
JMJD7-PLA2G4B,6,Yes
JMJD8,2,Yes
JPH2,3,Yes
JUP,4,Yes
KANK1,3,Yes
KANK2,3,Yes
KANK3,3,Yes
KANSL1,1,Yes
KARS,4,Yes
KAT5,9,Yes
KAT6A,9,Yes
KAT6B,9,Yes
KBTBD13,55,Yes
KBTBD4,11,Yes
KCNA1,31,Yes
KCNA2,31,Yes
KCNA5,31,Yes
KCNB1,31,Yes
KCNC1,31,Yes
KCNC3,31,Yes
KCND3,31,Yes
KCNE1,2,Yes
KCNE2,2,Yes
KCNH1,19,Yes
KCNH2,19,Yes
KCNH4,19,Yes
KCNJ1,15,Yes
KCNJ10,15,Yes
KCNJ11,15,Yes
KCNJ13,15,Yes
KCNJ18,15,Yes
KCNJ2,15,Yes
KCNJ5,15,Yes
KCNJ6,15,Yes
KCNK16,14,Yes
KCNK17,14,Yes
KCNK18,14,Yes
KCNK3,14,Yes
KCNK4,14,Yes
KCNK9,14,Yes
KCNMA1,3,Yes
KCNN2,3,Yes
KCNN4,3,Yes
KCNQ1,31,Yes
KCNQ2,31,Yes
KCNQ3,31,Yes
KCNQ4,31,Yes
KCNQ5,31,Yes
KCNT1,3,Yes
KCNT2,3,Yes
KCNV2,31,Yes
KCTD1,13,Yes
KCTD17,4,Yes
KCTD19,13,Yes
KCTD3,1,Yes
KCTD7,13,Yes
KCTD9,4,Yes
KDM1A,8,Yes
KDM2B,4,Yes
KDM3B,3,Yes
KDM5B,11,Yes
KDM5C,11,Yes
KDM6A,2,Yes
KDR,54,Yes
KDSR,4,Yes
KERA,10,Yes
KHDC3L,1,Yes
KIAA0895L,1,Yes
KIAA1549,1,Yes
KIF11,41,Yes
KIF14,41,Yes
KIF1A,41,Yes
KIF1B,41,Yes
KIF1C,41,Yes
KIF21A,41,Yes
KIF22,41,Yes
KIF26B,41,Yes
KIF2A,41,Yes
KIF4A,41,Yes
KIF5A,41,Yes
KIF5B,41,Yes
KIF5C,41,Yes
KIF7,41,Yes
KIFC3,41,Yes
KIRREL2,3,Yes
KIRREL3,3,Yes
KISS1R,17,Yes
KIT,54,Yes
KL,4,Yes
KLC2,7,Yes
KLC3,7,Yes
KLF1,22,Yes
KLF11,22,Yes
KLF6,22,Yes
KLHDC3,10,Yes
KLHDC8B,55,Yes
KLHL10,55,Yes
KLHL15,55,Yes
KLHL24,55,Yes
KLHL3,55,Yes
KLHL40,55,Yes
KLHL41,55,Yes
KLHL7,55,Yes
KLHL9,55,Yes
KLK4,12,Yes
KLKB1,17,Yes
KMT2A,20,Yes
KMT2B,20,Yes
KMT2C,20,Yes
KMT2D,20,Yes
KMT2E,1,Yes
KMT5B,1,Yes
KNG1,3,Yes
KPNA7,6,Yes
KRAS,35,Yes
KREMEN1,1,Yes
KRIT1,2,Yes
KRT1,69,Yes
KRT10,69,Yes
KRT12,69,Yes
KRT13,69,Yes
KRT14,69,Yes
KRT16,69,Yes
KRT17,69,Yes
KRT18,69,Yes
KRT2,69,Yes
KRT25,69,Yes
KRT3,69,Yes
KRT4,69,Yes
KRT5,69,Yes
KRT6A,69,Yes
KRT6B,69,Yes
KRT6C,69,Yes
KRT71,69,Yes
KRT74,69,Yes
KRT8,69,Yes
KRT81,69,Yes
KRT83,69,Yes
KRT86,69,Yes
KRT9,69,Yes
KRTCAP3,1,Yes
KY,4,Yes
L1CAM,36,Yes
L2HGDH,10,Yes
LACC1,1,Yes
LAGE3,3,Yes
LAMA1,28,Yes
LAMA2,28,Yes
LAMA3,28,Yes
LAMA4,28,Yes
LAMA5,28,Yes
LAMB1,28,Yes
LAMB2,28,Yes
LAMB3,28,Yes
LAMC2,28,Yes
LAMC3,28,Yes
LAMP2,3,Yes
LARGE1,5,Yes
LARP7,6,Yes
LARS,7,Yes
LARS2,7,Yes
LBHD1,1,Yes
LBR,2,Yes
LCA5,1,Yes
LCAT,1,Yes
LCK,32,Yes
LCT,4,Yes
LDB3,8,Yes
LDHAL6B,6,Yes
LDLR,15,Yes
LDLRAP1,11,Yes
LEFTY2,32,Yes
LEMD2,2,Yes
LEMD3,2,Yes
LEPR,25,Yes
LETM1,2,Yes
LFNG,3,Yes
LGI1,22,Yes
LGI4,22,Yes
LHB,10,Yes
LHCGR,3,Yes
LHFPL5,6,Yes
LHX3,21,Yes
LHX4,21,Yes
LIFR,25,Yes
LIG4,2,Yes
LIM2,10,Yes
LIMD2,3,Yes
LIMS2,5,Yes
LINGO1,26,Yes
LIPA,5,Yes
LIPC,9,Yes
LIPH,9,Yes
LITAF,1,Yes
LLGL2,3,Yes
LMAN1,3,Yes
LMAN2L,3,Yes
LMBR1,1,Yes
LMBR1L,1,Yes
LMF1,1,Yes
LMNA,69,Yes
LMNB2,69,Yes
LMOD1,6,Yes
LMOD3,6,Yes
LMX1A,21,Yes
LMX1B,21,Yes
LNX2,5,Yes
LONP1,1,Yes
LOX,15,Yes
LOXHD1,10,Yes
LOXL3,15,Yes
LPA,1,Yes
LPAR6,16,Yes
LPCAT3,5,Yes
LPIN1,3,Yes
LPIN2,3,Yes
LPL,9,Yes
LPO,5,Yes
LRAT,7,Yes
LRBA,7,Yes
LRFN4,26,Yes
LRIG2,22,Yes
LRIT3,22,Yes
LRMDA,2,Yes
LRP1,15,Yes
LRP2,15,Yes
LRP4,15,Yes
LRP5,15,Yes
LRP6,15,Yes
LRRC14,24,Yes
LRRC24,22,Yes
LRRC26,22,Yes
LRRC32,22,Yes
LRRC45,1,Yes
LRRC6,13,Yes
LRRCC1,13,Yes
LRRFIP2,1,Yes
LRRK1,30,Yes
LRRK2,24,Yes
LRRN4CL,3,Yes
LRTOMT,3,Yes
LTA,8,Yes
LTB,8,Yes
LTBP2,3,Yes
LTBP3,3,Yes
LTBP4,3,Yes
LUZP1,3,Yes
LXN,1,Yes
LY6G5B,1,Yes
LYPLA2,2,Yes
LYRM4,5,Yes
LYST,7,Yes
LYZ,8,Yes
LZTR1,10,Yes
LZTS1,2,Yes
MAB21L2,9,Yes
MACF1,36,Yes
MACROD2,2,Yes
MAD2L2,1,Yes
MAF,6,Yes
MAFA,6,Yes
MAFB,6,Yes
MAG,16,Yes
MAGED2,37,Yes
MAGEL2,37,Yes
MAGI2,6,Yes
MAGT1,1,Yes
MAK,19,Yes
MAN1B1,6,Yes
MAN2B1,6,Yes
MANBA,1,Yes
MAOA,8,Yes
MAP1B,2,Yes
MAP2K1,9,Yes
MAP2K2,9,Yes
MAP3K1,35,Yes
MAP3K15,2,Yes
MAP3K19,35,Yes
MAP3K20,24,Yes
MAP3K6,2,Yes
MAP3K7,2,Yes
MAP4,2,Yes
MAP4K1,35,Yes
MAP4K2,35,Yes
MAP4K4,35,Yes
MAPK1,19,Yes
MAPK15,19,Yes
MAPK7,19,Yes
MAPK8IP1,11,Yes
MAPK8IP3,1,Yes
MAPKAPK3,6,Yes
MAPKBP1,27,Yes
MAPRE2,2,Yes
MAPT,2,Yes
MARCH9,6,Yes
MARS,7,Yes
MARS2,7,Yes
MARVELD2,5,Yes
MASP1,2,Yes
MASP2,2,Yes
MAST1,14,Yes
MAT1A,1,Yes
MATN3,12,Yes
MATN4,12,Yes
MATR3,2,Yes
MAZ,38,Yes
MBD4,1,Yes
MBD5,1,Yes
MBOAT7,5,Yes
MC1R,18,Yes
MC2R,18,Yes
MC4R,18,Yes
MCC,1,Yes
MCCC1,4,Yes
MCCC2,1,Yes
MCEE,1,Yes
MCFD2,1,Yes
MCIDAS,2,Yes
MCM2,9,Yes
MCM3AP,2,Yes
MCM5,9,Yes
MCM6,9,Yes
MCM7,9,Yes
MCM8,9,Yes
MCM9,9,Yes
MCOLN1,2,Yes
MDC1,1,Yes
MDH1B,1,Yes
MDH2,6,Yes
MECOM,1,Yes
MECP2,1,Yes
MECR,18,Yes
MED12,1,Yes
MED12L,1,Yes
MED13,1,Yes
MED13L,1,Yes
MED17,1,Yes
MED25,1,Yes
MEF2A,4,Yes
MEF2C,4,Yes
MEFV,84,Yes
MEGF10,3,Yes
MEGF8,28,Yes
MEIS2,12,Yes
MEOX1,1,Yes
MERTK,54,Yes
MESP2,2,Yes
MEST,12,Yes
MET,54,Yes
METTL23,4,Yes
METTL7B,4,Yes
METTL8,3,Yes
MFAP4,25,Yes
MFAP5,1,Yes
MFN2,1,Yes
MFRP,37,Yes
MFSD2A,2,Yes
MFSD3,2,Yes
MFSD8,8,Yes
MIB1,1,Yes
MICAL1,36,Yes
MICALL2,7,Yes
MICU1,2,Yes
MID1,84,Yes
MID2,84,Yes
MIEN1,2,Yes
MIF4GD,2,Yes
MINDY1,1,Yes
MINK1,35,Yes
MIP,12,Yes
MIPEP,2,Yes
MITF,3,Yes
MKKS,13,Yes
MKRN2,2,Yes
MKRN3,2,Yes
MKS1,2,Yes
MLH1,3,Yes
MLH3,3,Yes
MLLT1,2,Yes
MLPH,2,Yes
MLX,3,Yes
MMAA,1,Yes
MME,6,Yes
MMP11,23,Yes
MMP13,23,Yes
MMP14,23,Yes
MMP2,23,Yes
MMP20,23,Yes
MMP21,23,Yes
MMP9,23,Yes
MOCOS,3,Yes
MOCS2,3,Yes
MOG,16,Yes
MORC2,1,Yes
MPC1,2,Yes
MPDU1,1,Yes
MPDZ,5,Yes
MPL,7,Yes
MPO,5,Yes
MPP1,7,Yes
MPP4,7,Yes
MPV17,4,Yes
MPZ,6,Yes
MPZL2,6,Yes
MRAS,35,Yes
MRI1,3,Yes
MROH2A,9,Yes
MRPL2,1,Yes
MRPS12,1,Yes
MRPS7,1,Yes
MSH2,5,Yes
MSH3,5,Yes
MSH5,5,Yes
MSH6,5,Yes
MSL3,2,Yes
MSMO1,3,Yes
MSN,6,Yes
MSR1,3,Yes
MSRB3,3,Yes
MSTN,32,Yes
MSX1,1,Yes
MSX2,1,Yes
MT-ND2,2,Yes
MT-ND4,2,Yes
MT-ND5,2,Yes
MTHFD1,3,Yes
MTHFR,4,Yes
MTIF2,18,Yes
MTM1,13,Yes
MTMR11,13,Yes
MTMR2,13,Yes
MTOR,5,Yes
MTPAP,5,Yes
MTR,4,Yes
MTRR,5,Yes
MUSK,54,Yes
MUTYH,1,Yes
MVK,2,Yes
MXI1,4,Yes
MXRA8,15,Yes
MYADML2,1,Yes
MYBPC1,11,Yes
MYBPC3,11,Yes
MYC,2,Yes
MYCN,2,Yes
MYEF2,1,Yes
MYF5,3,Yes
MYF6,3,Yes
MYH1,44,Yes
MYH10,44,Yes
MYH11,44,Yes
MYH14,44,Yes
MYH2,44,Yes
MYH3,44,Yes
MYH6,44,Yes
MYH7,44,Yes
MYH8,44,Yes
MYH9,44,Yes
MYL2,7,Yes
MYL3,4,Yes
MYL4,4,Yes
MYL7,7,Yes
MYLK,5,Yes
MYLK2,22,Yes
MYMK,2,Yes
MYO15A,44,Yes
MYO18B,44,Yes
MYO19,44,Yes
MYO1C,44,Yes
MYO1E,44,Yes
MYO3A,44,Yes
MYO5A,44,Yes
MYO5B,44,Yes
MYO6,44,Yes
MYO7A,44,Yes
MYO7B,44,Yes
MYO9A,44,Yes
MYOC,9,Yes
MYOCD,2,Yes
MYOM1,11,Yes
MYOT,9,Yes
MYOZ2,2,Yes
MYPN,9,Yes
MYRF,1,Yes
MYSM1,3,Yes
MYT1L,5,Yes
MYZAP,4,Yes
MZT2B,1,Yes
N4BP2L1,2,Yes
NAA10,4,Yes
NAA15,2,Yes
NABP2,1,Yes
NACAD,2,Yes
NACC1,29,Yes
NAGA,1,Yes
NALCN,27,Yes
NANOS1,2,Yes
NARS2,4,Yes
NAT8L,3,Yes
NAXE,2,Yes
NBEAL2,7,Yes
NCAPD2,1,Yes
NCAPD3,1,Yes
NCF1,3,Yes
NCF2,1,Yes
NCF4,12,Yes
NCOR1,1,Yes
NDE1,1,Yes
NDRG1,3,Yes
NDST1,11,Yes
NDUFA10,3,Yes
NDUFA11,1,Yes
NDUFA4L2,2,Yes
NDUFA7,1,Yes
NDUFAF6,1,Yes
NDUFB8,1,Yes
NDUFS1,2,Yes
NDUFS4,1,Yes
NEB,4,Yes
NECAP1,1,Yes
NECTIN1,14,Yes
NECTIN3,14,Yes
NECTIN4,14,Yes
NEDD4L,25,Yes
NEFL,69,Yes
NEK1,9,Yes
NEK2,8,Yes
NEK4,35,Yes
NEK9,8,Yes
NEU1,3,Yes
NEUROD1,15,Yes
NEUROG3,15,Yes
NEXMIF,3,Yes
NEXN,5,Yes
NF1,11,Yes
NF2,6,Yes
NFE2L2,3,Yes
NFIA,3,Yes
NFIB,3,Yes
NFIX,3,Yes
NFKB1,4,Yes
NFKB2,4,Yes
NFKBIA,4,Yes
NGF,3,Yes
NHP2,3,Yes
NHS,3,Yes
NICN1,1,Yes
NID1,15,Yes
NIN,1,Yes
NIP7,2,Yes
NIPA1,5,Yes
NIPA2,5,Yes
NIPAL4,5,Yes
NISCH,1,Yes
NKIRAS1,35,Yes
NKX2-1,13,Yes
NKX2-5,13,Yes
NKX2-6,13,Yes
NKX3-2,13,Yes
NKX6-2,13,Yes
NLGN3,13,Yes
NLGN4X,13,Yes
NLRC4,8,Yes
NLRP1,20,Yes
NLRP12,20,Yes
NLRP3,20,Yes
NLRP7,20,Yes
NMB,1,Yes
NME3,9,Yes
NME8,9,Yes
NMNAT1,2,Yes
NMNAT2,2,Yes
NOBOX,50,Yes
NOD2,20,Yes
NODAL,32,Yes
NONO,8,Yes
NOP56,1,Yes
NOTCH1,7,Yes
NOTCH2,7,Yes
NOTCH3,7,Yes
NOXO1,3,Yes
NPAS2,6,Yes
NPC1,10,Yes
NPHP3,7,Yes
NPHP3-ACAD11,7,Yes
NPHS1,3,Yes
NPHS2,4,Yes
NPM1,2,Yes
NPPA,1,Yes
NPR2,17,Yes
NQO1,1,Yes
NR0B1,1,Yes
NR0B2,1,Yes
NR1D1,18,Yes
NR1H3,18,Yes
NR1H4,18,Yes
NR2E3,11,Yes
NR2F1,11,Yes
NR2F2,11,Yes
NR3C1,8,Yes
NR3C2,8,Yes
NR4A2,2,Yes
NR5A1,1,Yes
NRAS,35,Yes
NRBP1,6,Yes
NRBP2,6,Yes
NRL,6,Yes
NRP2,37,Yes
NRXN1,37,Yes
NRXN3,37,Yes
NSD1,20,Yes
NSD2,20,Yes
NSDHL,10,Yes
NSMCE3,37,Yes
NSUN2,2,Yes
NT5C2,4,Yes
NT5C3A,1,Yes
NT5C3B,1,Yes
NT5DC1,4,Yes
NTF4,3,Yes
NTHL1,1,Yes
NTN1,28,Yes
NTRK1,54,Yes
NTRK2,54,Yes
NUBP2,2,Yes
NUBPL,2,Yes
NUCB2,1,Yes
NUDC,2,Yes
NUMBL,11,Yes
NUP188,1,Yes
NUP210L,1,Yes
NUP214,6,Yes
NUP62,1,Yes
NUTF2,2,Yes
NUTM1,6,Yes
NXN,2,Yes
NYX,22,Yes
OAT,4,Yes
OBSCN,9,Yes
OBSL1,11,Yes
OCA2,5,Yes
OCLN,5,Yes
OCRL,13,Yes
ODF3B,5,Yes
OGDHL,2,Yes
OGFR,1,Yes
OGT,14,Yes
OLFML2B,9,Yes
OPA1,6,Yes
OPCML,5,Yes
OPHN1,3,Yes
OPN1LW,9,Yes
OPN1MW,9,Yes
OPN1SW,9,Yes
OPTN,1,Yes
OR10Z1,132,Yes
OR6B2,93,Yes
ORAI1,2,Yes
ORAI3,2,Yes
ORC1,1,Yes
OSBPL2,11,Yes
OSBPL8,11,Yes
OSGEP,1,Yes
OSMR,25,Yes
OTC,2,Yes
OTOA,3,Yes
OTOF,4,Yes
OTOG,19,Yes
OTOGL,19,Yes
OTOP2,2,Yes
OTUD6B,5,Yes
OTULIN,1,Yes
OTX2,50,Yes
OVOL2,29,Yes
OXA1L,1,Yes
OXCT1,1,Yes
OXTR,16,Yes
P2RX2,7,Yes
P2RY12,6,Yes
P3H1,2,Yes
P3H2,2,Yes
P3H3,2,Yes
P3H4,1,Yes
P4HA2,3,Yes
P4HB,13,Yes
PA2G4,8,Yes
PABPN1,2,Yes
PACRG,1,Yes
PACS1,1,Yes
PACS2,1,Yes
PADI3,4,Yes
PADI6,4,Yes
PAFAH1B1,27,Yes
PAFAH1B3,2,Yes
PAH,3,Yes
PAK1,35,Yes
PAK3,35,Yes
PANK2,3,Yes
PAPSS2,1,Yes
PARD3,1,Yes
PARD6A,2,Yes
PARN,2,Yes
PARP10,8,Yes
PARS2,4,Yes
PATL2,1,Yes
PAX1,50,Yes
PAX2,50,Yes
PAX3,50,Yes
PAX4,50,Yes
PAX6,50,Yes
PAX8,50,Yes
PAX9,50,Yes
PBX1,12,Yes
PC,4,Yes
PCBD1,1,Yes
PCCA,4,Yes
PCCB,1,Yes
PCDH12,61,Yes
PCDH15,61,Yes
PCDH19,61,Yes
PCDHB4,61,Yes
PCK1,1,Yes
PCK2,1,Yes
PCLO,1,Yes
PCNT,1,Yes
PCSK1,9,Yes
PCSK9,9,Yes
PCYT1A,2,Yes
PDCD2L,3,Yes
PDE10A,22,Yes
PDE11A,23,Yes
PDE1C,22,Yes
PDE3A,22,Yes
PDE4D,22,Yes
PDE6A,22,Yes
PDE6B,22,Yes
PDE6C,22,Yes
PDE8B,22,Yes
PDGFB,1,Yes
PDGFRA,54,Yes
PDGFRB,54,Yes
PDHA1,3,Yes
PDHA2,3,Yes
PDHB,4,Yes
PDHX,3,Yes
PDIA3,13,Yes
PDK3,4,Yes
PDLIM3,8,Yes
PDP1,17,Yes
PDPR,10,Yes
PDSS1,2,Yes
PDSS2,2,Yes
PDX1,43,Yes
PDYN,2,Yes
PDZD4,2,Yes
PDZD7,2,Yes
PDZRN3,2,Yes
PEG10,10,Yes
PEPD,8,Yes
PER2,2,Yes
PER3,2,Yes
PEX1,5,Yes
PEX11B,1,Yes
PEX19,1,Yes
PEX5,1,Yes
PEX6,5,Yes
PEX7,9,Yes
PFKL,2,Yes
PFKM,2,Yes
PFN1,2,Yes
PFN3,2,Yes
PGAM2,3,Yes
PGAM4,3,Yes
PGAP1,1,Yes
PGK1,1,Yes
PGM1,6,Yes
PGM3,6,Yes
PHB2,1,Yes
PHC1,20,Yes
PHEX,6,Yes
PHF1,2,Yes
PHF21A,5,Yes
PHF6,3,Yes
PHF7,3,Yes
PHF8,4,Yes
PHGDH,3,Yes
PHIP,2,Yes
PHKA1,2,Yes
PHKA2,2,Yes
PHKB,2,Yes
PHKG2,22,Yes
PHLDB3,7,Yes
PHOX2A,50,Yes
PHOX2B,50,Yes
PHRF1,2,Yes
PHYKPL,4,Yes
PI4KA,9,Yes
PI4KB,9,Yes
PIAS1,5,Yes
PIDD1,30,Yes
PIEZO1,1,Yes
PIEZO2,1,Yes
PIGA,3,Yes
PIK3CA,9,Yes
PIK3CD,9,Yes
PIK3R1,4,Yes
PIK3R2,4,Yes
PIK3R5,1,Yes
PIKFYVE,13,Yes
PIM2,2,Yes
PINK1,3,Yes
PIP4P1,1,Yes
PIP5K1B,6,Yes
PIP5K1C,6,Yes
PITPNA,5,Yes
PITPNM1,5,Yes
PITPNM3,5,Yes
PITX1,50,Yes
PITX2,50,Yes
PITX3,50,Yes
PJVK,5,Yes
PKD1,10,Yes
PKD1L1,10,Yes
PKD2,10,Yes
PKDCC,2,Yes
PKHD1,36,Yes
PKIG,2,Yes
PKLR,1,Yes
PKP1,6,Yes
PKP2,6,Yes
PLA2G2A,9,Yes
PLA2G4A,6,Yes
PLA2G6,4,Yes
PLA2G7,1,Yes
PLAG1,29,Yes
PLCB1,14,Yes
PLCB4,14,Yes
PLCD1,14,Yes
PLCE1,14,Yes
PLCG2,14,Yes
PLCZ1,14,Yes
PLD1,1,Yes
PLD3,2,Yes
PLEC,36,Yes
PLEKHA8,5,Yes
PLEKHG2,25,Yes
PLEKHG5,1,Yes
PLEKHG6,9,Yes
PLEKHH1,1,Yes
PLEKHM1,4,Yes
PLG,16,Yes
PLIN1,4,Yes
PLK4,4,Yes
PLOD1,5,Yes
PLOD2,5,Yes
PLOD3,5,Yes
PLP1,2,Yes
PLS3,2,Yes
PLTP,12,Yes
PLXNA2,8,Yes
PLXNA3,8,Yes
PLXNC1,8,Yes
PMM2,1,Yes
PMP2,15,Yes
PMP22,10,Yes
PMPCA,6,Yes
PMPCB,6,Yes
PMS2,3,Yes
PNKD,4,Yes
PNLIP,9,Yes
PNMT,3,Yes
PNP,2,Yes
PNPLA1,4,Yes
PNPLA2,4,Yes
PNPLA6,1,Yes
POC1A,27,Yes
POC1B,27,Yes
POC1B-GALNT4,21,Yes
PODNL1,22,Yes
POGLUT1,2,Yes
POGZ,12,Yes
POLA1,3,Yes
POLD1,3,Yes
POLDIP2,1,Yes
POLDIP3,2,Yes
POLG2,1,Yes
POLH,5,Yes
POLK,5,Yes
POLR1A,2,Yes
POLR1C,2,Yes
POLR1D,4,Yes
POLR2B,2,Yes
POLR2C,2,Yes
POLR2L,1,Yes
POLR3A,2,Yes
POLR3B,2,Yes
POLR3H,2,Yes
POMGNT1,1,Yes
POMGNT2,1,Yes
POMT1,3,Yes
POMT2,3,Yes
POP1,1,Yes
POR,5,Yes
PORCN,5,Yes
POU1F1,17,Yes
POU3F3,17,Yes
POU3F4,17,Yes
POU4F3,17,Yes
POU6F2,17,Yes
PPA2,1,Yes
PPARG,18,Yes
PPCS,4,Yes
PPIB,22,Yes
PPID,22,Yes
PPM1D,17,Yes
PPM1G,17,Yes
PPOX,8,Yes
PPP1CB,12,Yes
PPP1R12B,3,Yes
PPP1R15B,1,Yes
PPP2R1A,2,Yes
PPP2R1B,2,Yes
PPP2R5D,4,Yes
PPP3CA,12,Yes
PPP4C,12,Yes
PPP6C,12,Yes
PPT1,3,Yes
PQBP1,2,Yes
PRAF2,1,Yes
PRB3,8,Yes
PRDM12,29,Yes
PRDM16,1,Yes
PRDM5,4,Yes
PRDM6,38,Yes
PRDM8,1,Yes
PRDX1,4,Yes
PRDX2,4,Yes
PRELID3B,3,Yes
PREPL,1,Yes
PREX2,3,Yes
PRF1,40,Yes
PRG4,2,Yes
PRICKLE1,3,Yes
PRICKLE2,1,Yes
PRKACA,6,Yes
PRKACG,6,Yes
PRKAG1,2,Yes
PRKAG2,2,Yes
PRKAG3,2,Yes
PRKAR1A,4,Yes
PRKCB,10,Yes
PRKCD,5,Yes
PRKCG,10,Yes
PRKCSH,1,Yes
PRKD1,2,Yes
PRKDC,5,Yes
PRKG1,6,Yes
PRKN,9,Yes
PRKRA,14,Yes
PRLR,25,Yes
PRMT1,7,Yes
PRMT7,7,Yes
PROC,1,Yes
PRODH,2,Yes
PROK2,1,Yes
PROKR2,33,Yes
PROM1,1,Yes
PROP1,50,Yes
PROS1,1,Yes
PRPF6,2,Yes
PRPH2,33,Yes
PRPS1,4,Yes
PRR12,1,Yes
PRR14L,1,Yes
PRRG2,2,Yes
PRRT2,5,Yes
PRRT3,1,Yes
PRRX1,50,Yes
PRSS1,3,Yes
PRSS12,15,Yes
PRSS50,17,Yes
PRSS53,1,Yes
PRSS56,1,Yes
PRTN3,6,Yes
PRX,2,Yes
PSAP,2,Yes
PSAT1,1,Yes
PSD,16,Yes
PSEN1,1,Yes
PSEN2,1,Yes
PSENEN,1,Yes
PSMA3,20,Yes
PSMB10,20,Yes
PSMB4,20,Yes
PSMB8,20,Yes
PSMB9,20,Yes
PSMC5,5,Yes
PSMD12,1,Yes
PSMD9,1,Yes
PSTPIP1,5,Yes
PTCH1,10,Yes
PTCH2,10,Yes
PTCHD1,10,Yes
PTDSS1,1,Yes
PTEN,6,Yes
PTF1A,13,Yes
PTGIS,1,Yes
PTH1R,44,Yes
PTH2R,44,Yes
PTK2B,32,Yes
PTOV1,1,Yes
PTPN11,35,Yes
PTPN12,35,Yes
PTPN14,35,Yes
PTPN23,35,Yes
PTPRC,35,Yes
PTPRF,35,Yes
PTPRJ,35,Yes
PTPRN,35,Yes
PTPRQ,36,Yes
PTPRT,35,Yes
PUF60,24,Yes
PURA,2,Yes
PUS1,2,Yes
PUS3,2,Yes
PXDN,5,Yes
PXK,1,Yes
PYCR1,4,Yes
PYCR2,4,Yes
PYGB,2,Yes
PYGL,2,Yes
PYGM,2,Yes
PYROXD1,7,Yes
PYROXD2,2,Yes
PYY,2,Yes
QARS,2,Yes
QRICH1,19,Yes
QRSL1,2,Yes
RAB11B,71,Yes
RAB13,71,Yes
RAB18,71,Yes
RAB23,71,Yes
RAB27A,71,Yes
RAB28,71,Yes
RAB33B,71,Yes
RAB39B,71,Yes
RAB41,71,Yes
RAB7A,71,Yes
RAB9A,71,Yes
RABEP2,1,Yes
RABGGTA,2,Yes
RAC1,23,Yes
RAC2,23,Yes
RAC3,23,Yes
RAD21,2,Yes
RAD23A,1,Yes
RAD50,1,Yes
RAD51,6,Yes
RAD51B,6,Yes
RAD51C,6,Yes
RAD51D,6,Yes
RAD54B,35,Yes
RAD54L,35,Yes
RAF1,24,Yes
RAI1,1,Yes
RANBP2,10,Yes
RAPSN,6,Yes
RARB,18,Yes
RARS,1,Yes
RARS2,1,Yes
RASA1,11,Yes
RASGRP2,26,Yes
RASGRP4,26,Yes
RASSF1,5,Yes
RAX,50,Yes
RAX2,50,Yes
RB1,2,Yes
RBBP8,1,Yes
RBCK1,2,Yes
RBFOX1,2,Yes
RBFOX2,2,Yes
RBFOX3,2,Yes
RBM10,2,Yes
RBM12,8,Yes
RBM20,6,Yes
RBM28,7,Yes
RBMX,37,Yes
RBPJ,1,Yes
RBPJL,1,Yes
RCBTB1,9,Yes
RCOR1,5,Yes
RD3,1,Yes
RDH11,26,Yes
RDH12,26,Yes
RDH5,26,Yes
RDX,6,Yes
RECQL,4,Yes
RECQL4,4,Yes
REEP1,5,Yes
REEP2,5,Yes
REEP6,5,Yes
RELA,4,Yes
RELB,4,Yes
REN,10,Yes
REPS1,10,Yes
RERE,1,Yes
REST,29,Yes
RET,54,Yes
REV3L,3,Yes
RFT1,1,Yes
RFX6,7,Yes
RFXANK,3,Yes
RGL3,26,Yes
RGR,23,Yes
RGS2,23,Yes
RGS9,23,Yes
RGS9BP,1,Yes
RHAG,4,Yes
RHBDF2,6,Yes
RHBDL1,6,Yes
RHCE,4,Yes
RHD,4,Yes
RHEB,35,Yes
RHO,9,Yes
RHOA,23,Yes
RHOBTB2,23,Yes
RHOG,23,Yes
RIBC1,1,Yes
RILP,4,Yes
RIMS1,4,Yes
RIN2,7,Yes
RIPK4,1,Yes
RIPOR2,3,Yes
RIPPLY2,2,Yes
RIT1,35,Yes
RLBP1,3,Yes
RLIM,3,Yes
RMND5B,2,Yes
RNASE4,12,Yes
RNASEH1,1,Yes
RNASET2,1,Yes
RNF113A,1,Yes
RNF123,1,Yes
RNF125,4,Yes
RNF135,13,Yes
RNF167,9,Yes
RNF168,1,Yes
RNF216,2,Yes
RNF224,4,Yes
RNF227,4,Yes
RNF43,2,Yes
RNF6,3,Yes
RNPC3,1,Yes
ROBO2,36,Yes
ROBO3,36,Yes
ROBO4,36,Yes
ROCK1,5,Yes
ROM1,33,Yes
ROR1,54,Yes
ROR2,54,Yes
RORA,18,Yes
RORB,18,Yes
RORC,18,Yes
ROS1,54,Yes
RP1,1,Yes
RP1L1,1,Yes
RPE65,2,Yes
RPGR,9,Yes
RPGRIP1,1,Yes
RPGRIP1L,1,Yes
RPL10,1,Yes
RPL26,2,Yes
RPL36A,2,Yes
RPL36A-HNRNPH2,2,Yes
RPL36AL,2,Yes
RPL7A,3,Yes
RPS10,1,Yes
RPS10-NUDT3,1,Yes
RPS23,1,Yes
RPS27,1,Yes
RPS6KA3,8,Yes
RPS6KC1,2,Yes
RPUSD3,3,Yes
RRAS2,35,Yes
RRM2B,1,Yes
RS1,1,Yes
RSPH1,7,Yes
RSPH10B,7,Yes
RSPH4A,1,Yes
RSPO2,3,Yes
RSPO4,3,Yes
RSPRY1,1,Yes
RSRC2,9,Yes
RTEL1,4,Yes
RTN2,4,Yes
RTN4IP1,18,Yes
RTN4RL1,22,Yes
RUBCN,4,Yes
RUNX1,2,Yes
RUNX2,2,Yes
RUSC1,1,Yes
RUSC2,1,Yes
RUVBL2,1,Yes
RWDD2A,1,Yes
RXRA,11,Yes
RXRB,11,Yes
RYR1,5,Yes
RYR2,5,Yes
S1PR2,18,Yes
SAA1,4,Yes
SAG,3,Yes
SALL1,14,Yes
SALL2,14,Yes
SALL4,14,Yes
SAMD9,1,Yes
SAMD9L,1,Yes
SAPCD1,1,Yes
SAR1B,32,Yes
SARS,2,Yes
SARS2,2,Yes
SASH1,2,Yes
SATB2,1,Yes
SBF1,13,Yes
SBF2,13,Yes
SBNO2,1,Yes
SC5D,3,Yes
SCAF4,1,Yes
SCAMP4,4,Yes
SCAP,10,Yes
SCARB2,2,Yes
SCARF2,3,Yes
SCN10A,27,Yes
SCN11A,27,Yes
SCN1A,27,Yes
SCN1B,1,Yes
SCN2A,27,Yes
SCN2B,6,Yes
SCN3A,27,Yes
SCN3B,1,Yes
SCN4A,27,Yes
SCN4B,6,Yes
SCN5A,27,Yes
SCN8A,27,Yes
SCN9A,27,Yes
SCNN1A,8,Yes
SCNN1B,8,Yes
SCNN1G,8,Yes
SCO1,1,Yes
SCO2,1,Yes
SCP2,1,Yes
SCRIB,30,Yes
SCUBE2,2,Yes
SCYL1,2,Yes
SDF4,5,Yes
SDHA,1,Yes
SDHAF2,1,Yes
SDHD,1,Yes
SDR9C7,26,Yes
SEBOX,50,Yes
SEC16A,1,Yes
SEC23A,1,Yes
SEC23B,1,Yes
SEC24D,2,Yes
SEC61A1,1,Yes
SECISBP2,1,Yes
SELENON,5,Yes
SELP,40,Yes
SEMA3A,19,Yes
SEMA3D,19,Yes
SEMA3E,19,Yes
SEMA3F,19,Yes
SEMA4A,19,Yes
SEMA4G,19,Yes
SENP7,1,Yes
SEPT5,14,Yes
SEPT9,14,Yes
SERAC1,1,Yes
SERPINA1,36,Yes
SERPINA3,36,Yes
SERPINA6,36,Yes
SERPINA7,36,Yes
SERPINB6,36,Yes
SERPINB7,36,Yes
SERPINB8,36,Yes
SERPINC1,36,Yes
SERPIND1,36,Yes
SERPINE1,36,Yes
SERPINF1,36,Yes
SERPINF2,36,Yes
SERPING1,36,Yes
SERPINH1,36,Yes
SERPINI1,36,Yes
SET,18,Yes
SETBP1,20,Yes
SETD1A,20,Yes
SETD2,20,Yes
SETD5,1,Yes
SETX,10,Yes
SEZ6,40,Yes
SF1,4,Yes
SF3B3,2,Yes
SF3B4,24,Yes
SFRP4,15,Yes
SFTPA2,4,Yes
SFTPB,2,Yes
SFXN3,4,Yes
SFXN4,4,Yes
SGCA,1,Yes
SGCD,2,Yes
SGCE,1,Yes
SGCG,2,Yes
SGO1,1,Yes
SGO2,1,Yes
SGPL1,7,Yes
SGSH,17,Yes
SGSM3,46,Yes
SH2B1,2,Yes
SH2B3,2,Yes
SH2D1A,13,Yes
SH2D7,4,Yes
SH3PXD2B,3,Yes
SH3TC2,1,Yes
SHANK2,2,Yes
SHANK3,2,Yes
SHARPIN,2,Yes
SHH,2,Yes
SHISA5,2,Yes
SHKBP1,1,Yes
SHOC2,30,Yes
SHOX,50,Yes
SHPK,7,Yes
SHROOM4,3,Yes
SI,7,Yes
SIK1,18,Yes
SIK1B,18,Yes
SIK3,18,Yes
SIL1,1,Yes
SIM1,7,Yes
SIM2,7,Yes
SIN3A,1,Yes
SIPA1L3,6,Yes
SIX1,6,Yes
SIX2,6,Yes
SIX3,6,Yes
SIX5,6,Yes
SIX6,6,Yes
SKI,3,Yes
SKIV2L,8,Yes
SLC10A2,5,Yes
SLC11A2,1,Yes
SLC12A1,8,Yes
SLC12A2,8,Yes
SLC12A3,8,Yes
SLC12A4,8,Yes
SLC12A5,8,Yes
SLC12A6,8,Yes
SLC13A5,5,Yes
SLC14A1,1,Yes
SLC16A1,13,Yes
SLC16A12,13,Yes
SLC16A2,13,Yes
SLC17A5,12,Yes
SLC17A8,12,Yes
SLC17A9,12,Yes
SLC18A2,3,Yes
SLC18A3,3,Yes
SLC19A1,3,Yes
SLC19A2,3,Yes
SLC19A3,3,Yes
SLC1A1,6,Yes
SLC1A2,6,Yes
SLC1A3,6,Yes
SLC1A4,6,Yes
SLC20A2,1,Yes
SLC22A12,22,Yes
SLC22A5,22,Yes
SLC23A3,2,Yes
SLC24A1,4,Yes
SLC24A4,4,Yes
SLC24A5,4,Yes
SLC25A1,51,Yes
SLC25A10,51,Yes
SLC25A11,51,Yes
SLC25A12,51,Yes
SLC25A13,51,Yes
SLC25A15,51,Yes
SLC25A16,51,Yes
SLC25A18,51,Yes
SLC25A19,51,Yes
SLC25A20,51,Yes
SLC25A22,51,Yes
SLC25A24,51,Yes
SLC25A26,51,Yes
SLC25A3,51,Yes
SLC25A32,51,Yes
SLC25A38,51,Yes
SLC25A4,51,Yes
SLC25A42,51,Yes
SLC26A1,10,Yes
SLC26A10,10,Yes
SLC26A11,10,Yes
SLC26A2,10,Yes
SLC26A3,10,Yes
SLC26A4,10,Yes
SLC26A5,10,Yes
SLC26A8,10,Yes
SLC27A4,13,Yes
SLC29A1,3,Yes
SLC29A3,3,Yes
SLC2A1,14,Yes
SLC2A10,14,Yes
SLC2A2,14,Yes
SLC2A9,14,Yes
SLC30A10,8,Yes
SLC30A2,8,Yes
SLC30A7,8,Yes
SLC33A1,2,Yes
SLC34A1,2,Yes
SLC34A2,2,Yes
SLC34A3,2,Yes
SLC35A1,4,Yes
SLC35A2,4,Yes
SLC35A3,4,Yes
SLC35C1,11,Yes
SLC35C2,11,Yes
SLC35D1,11,Yes
SLC35E3,11,Yes
SLC36A2,15,Yes
SLC37A4,12,Yes
SLC38A6,15,Yes
SLC38A8,15,Yes
SLC39A13,1,Yes
SLC39A14,6,Yes
SLC39A4,6,Yes
SLC39A5,6,Yes
SLC39A8,6,Yes
SLC3A1,7,Yes
SLC44A4,4,Yes
SLC45A1,3,Yes
SLC45A2,3,Yes
SLC46A1,2,Yes
SLC47A2,1,Yes
SLC4A1,9,Yes
SLC4A11,9,Yes
SLC4A2,9,Yes
SLC4A4,9,Yes
SLC52A2,2,Yes
SLC52A3,2,Yes
SLC5A1,11,Yes
SLC5A2,11,Yes
SLC5A5,11,Yes
SLC5A7,11,Yes
SLC6A1,19,Yes
SLC6A17,19,Yes
SLC6A19,19,Yes
SLC6A2,19,Yes
SLC6A3,19,Yes
SLC6A4,19,Yes
SLC6A5,19,Yes
SLC6A8,19,Yes
SLC6A9,19,Yes
SLC7A14,12,Yes
SLC7A7,12,Yes
SLC7A9,12,Yes
SLC9A1,10,Yes
SLC9A3,10,Yes
SLC9A3R2,3,Yes
SLC9A6,10,Yes
SLCO1B1,13,Yes
SLCO2A1,13,Yes
SLFN14,6,Yes
SLITRK1,26,Yes
SLITRK5,26,Yes
SLITRK6,26,Yes
SLK,35,Yes
SLURP1,4,Yes
SMAD2,7,Yes
SMAD3,7,Yes
SMAD4,7,Yes
SMAD6,7,Yes
SMAD9,7,Yes
SMARCA1,35,Yes
SMARCA2,35,Yes
SMARCA4,35,Yes
SMARCAD1,35,Yes
SMARCAL1,35,Yes
SMARCD2,2,Yes
SMARCE1,19,Yes
SMC1A,7,Yes
SMC3,7,Yes
SMIM11A,1,Yes
SMN1,2,Yes
SMN2,2,Yes
SMO,15,Yes
SMOC1,1,Yes
SMOC2,1,Yes
SMPD1,2,Yes
SMS,1,Yes
SMYD4,5,Yes
SNAP25,3,Yes
SNAP29,3,Yes
SNAPC4,6,Yes
SNCA,2,Yes
SNCB,2,Yes
SNIP1,2,Yes
SNRNP200,8,Yes
SNRNP48,2,Yes
SNRPA,1,Yes
SNRPB,1,Yes
SNTA1,4,Yes
SNX10,15,Yes
SNX14,3,Yes
SNX17,2,Yes
SNX22,1,Yes
SNX27,2,Yes
SNX5,15,Yes
SOBP,1,Yes
SOD1,2,Yes
SOD3,2,Yes
SOHLH1,2,Yes
SOS1,26,Yes
SOS2,26,Yes
SOST,1,Yes
SOX10,21,Yes
SOX11,21,Yes
SOX15,21,Yes
SOX17,21,Yes
SOX18,21,Yes
SOX2,21,Yes
SOX3,21,Yes
SOX5,21,Yes
SOX9,21,Yes
SP110,19,Yes
SPAG1,18,Yes
SPARC,1,Yes
SPAST,10,Yes
SPATA16,18,Yes
SPATA2L,1,Yes
SPATA5,5,Yes
SPDL1,2,Yes
SPECC1L,2,Yes
SPEG,9,Yes
SPG7,2,Yes
SPI1,29,Yes
SPINK2,5,Yes
SPINK5,6,Yes
SPINT2,14,Yes
SPNS1,2,Yes
SPON2,3,Yes
SPOP,11,Yes
SPRED1,5,Yes
SPRY4,3,Yes
SPSB2,4,Yes
SPSB3,4,Yes
SPTA1,36,Yes
SPTAN1,36,Yes
SPTB,36,Yes
SPTBN2,36,Yes
SPTBN4,36,Yes
SPTLC1,5,Yes
SPTLC2,5,Yes
SPTLC3,5,Yes
SRC,32,Yes
SRCAP,35,Yes
SRD5A1,3,Yes
SRD5A2,3,Yes
SRGAP1,5,Yes
SRGAP2,5,Yes
SRI,20,Yes
SRP54,1,Yes
SRPRA,1,Yes
SRPX2,40,Yes
SRSF2,3,Yes
SRY,21,Yes
ST14,17,Yes
ST3GAL3,15,Yes
ST3GAL5,15,Yes
ST7,1,Yes
STAC2,2,Yes
STAC3,2,Yes
STAG1,2,Yes
STAG2,2,Yes
STAG3,2,Yes
STAMBP,1,Yes
STAP1,1,Yes
STAR,5,Yes
STARD3,5,Yes
STAT1,6,Yes
STAT2,6,Yes
STAT3,6,Yes
STAT5A,6,Yes
STAT5B,6,Yes
STEAP3,4,Yes
STIM1,1,Yes
STIP1,18,Yes
STK11,22,Yes
STK16,2,Yes
STK26,35,Yes
STK33,22,Yes
STK4,35,Yes
STN1,2,Yes
STOML2,4,Yes
STOX1,1,Yes
STPG1,5,Yes
STRA6,1,Yes
STRADA,35,Yes
STRC,3,Yes
STRN4,2,Yes
STS,17,Yes
STT3A,2,Yes
STT3B,2,Yes
STUB1,18,Yes
STX11,13,Yes
STX1B,13,Yes
STX7,13,Yes
STXBP1,9,Yes
STXBP2,9,Yes
SUCLA2,1,Yes
SUGCT,1,Yes
SULT2B1,13,Yes
SUMF1,1,Yes
SUN5,4,Yes
SURF1,1,Yes
SURF4,1,Yes
SVIL,7,Yes
SYCE1,1,Yes
SYCP3,3,Yes
SYN1,2,Yes
SYN3,2,Yes
SYNE1,36,Yes
SYNE2,36,Yes
SYNGAP1,11,Yes
SYNGR3,3,Yes
SYNJ1,13,Yes
SYP,3,Yes
SYT1,31,Yes
SYT14,31,Yes
SYT2,31,Yes
SYT8,31,Yes
SYTL1,31,Yes
SYTL2,31,Yes
TAB2,3,Yes
TACR3,33,Yes
TACSTD2,1,Yes
TAF1,1,Yes
TAF13,1,Yes
TAF4B,1,Yes
TAF6,1,Yes
TAF9B,1,Yes
TAP1,11,Yes
TAP2,11,Yes
TAPBPL,2,Yes
TARDBP,24,Yes
TARS2,4,Yes
TAS1R3,4,Yes
TAT,8,Yes
TATDN1,3,Yes
TBC1D16,46,Yes
TBC1D24,1,Yes
TBC1D4,46,Yes
TBCE,3,Yes
TBCK,46,Yes
TBK1,3,Yes
TBL1XR1,2,Yes
TBL3,1,Yes
TBR1,16,Yes
TBX1,16,Yes
TBX18,16,Yes
TBX19,16,Yes
TBX2,16,Yes
TBX20,16,Yes
TBX22,16,Yes
TBX3,16,Yes
TBX4,16,Yes
TBX5,16,Yes
TBX6,16,Yes
TBXA2R,7,Yes
TBXT,16,Yes
TC2N,31,Yes
TCF12,2,Yes
TCF20,1,Yes
TCF3,2,Yes
TCF4,2,Yes
TCIRG1,3,Yes
TCN1,2,Yes
TCN2,2,Yes
TCTEX1D2,6,Yes
TCTN1,2,Yes
TCTN2,2,Yes
TCTN3,2,Yes
TDGF1,4,Yes
TDRD7,7,Yes
TDRD9,18,Yes
TDRKH,7,Yes
TEAD1,3,Yes
TEAD3,3,Yes
TECPR2,1,Yes
TECR,3,Yes
TECRL,3,Yes
TECTA,19,Yes
TEK,54,Yes
TEKT2,5,Yes
TEN1,1,Yes
TENM1,4,Yes
TENM3,4,Yes
TENM4,4,Yes
TENT5A,3,Yes
TESK2,24,Yes
TEX10,2,Yes
TF,3,Yes
TFAM,19,Yes
TFAP2A,4,Yes
TFAP2B,4,Yes
TFR2,5,Yes
TFRC,5,Yes
TG,13,Yes
TGDS,10,Yes
TGFB1,32,Yes
TGFB2,32,Yes
TGFB3,32,Yes
TGFBI,1,Yes
TGFBR1,11,Yes
TGFBR2,11,Yes
TGIF1,12,Yes
TGM1,9,Yes
TGM3,9,Yes
TGM5,9,Yes
TGM6,9,Yes
TH,3,Yes
THAP1,8,Yes
THAP7,8,Yes
THAP8,8,Yes
THRA,18,Yes
THRB,18,Yes
TIA1,37,Yes
TIGD1,12,Yes
TIMM17B,1,Yes
TIMM50,5,Yes
TIMM8A,1,Yes
TIMM8B,1,Yes
TIMP3,3,Yes
TJP2,4,Yes
TK2,3,Yes
TKT,4,Yes
TLCD1,7,Yes
TLDC2,3,Yes
TLE2,6,Yes
TLE6,6,Yes
TLK2,2,Yes
TLL1,37,Yes
TLN1,2,Yes
TMBIM1,6,Yes
TMC1,7,Yes
TMC6,7,Yes
TMC8,7,Yes
TMEM120A,1,Yes
TMEM126A,1,Yes
TMEM126B,1,Yes
TMEM216,2,Yes
TMEM256,4,Yes
TMEM43,1,Yes
TMEM47,1,Yes
TMEM54,1,Yes
TMEM87B,3,Yes
TMLHE,1,Yes
TMPRSS15,17,Yes
TMPRSS3,17,Yes
TMPRSS6,17,Yes
TMTC3,14,Yes
TNC,25,Yes
TNF,8,Yes
TNFAIP3,2,Yes
TNFRSF11A,21,Yes
TNFRSF11B,21,Yes
TNFRSF1A,21,Yes
TNFRSF25,21,Yes
TNFRSF4,21,Yes
TNFRSF6B,21,Yes
TNFSF11,8,Yes
TNIK,35,Yes
TNNC1,1,Yes
TNNI2,2,Yes
TNNI3,2,Yes
TNNI3K,24,Yes
TNNT1,2,Yes
TNNT2,2,Yes
TNNT3,2,Yes
TNPO3,1,Yes
TNXB,25,Yes
TOE1,2,Yes
TOMM40,1,Yes
TOP1,1,Yes
TOP2B,1,Yes
TOP3A,1,Yes
TOR1A,4,Yes
TOR1AIP1,1,Yes
TOR1AIP2,1,Yes
TOR1B,4,Yes
TP53,2,Yes
TP63,2,Yes
TPM1,3,Yes
TPM2,3,Yes
TPM3,3,Yes
TPO,5,Yes
TPP2,9,Yes
TPRN,1,Yes
TPSG1,3,Yes
TPTEP2-CSNK1E,13,Yes
TRAF4,5,Yes
TRAF7,14,Yes
TRAK1,2,Yes
TRAPPC2,2,Yes
TRAPPC2L,2,Yes
TRAPPC3,1,Yes
TRAPPC4,1,Yes
TRAPPC6A,1,Yes
TRAPPC6B,1,Yes
TREM2,13,Yes
TREML1,13,Yes
TREX1,1,Yes
TRHR,15,Yes
TRIM14,84,Yes
TRIM2,84,Yes
TRIM32,84,Yes
TRIM36,84,Yes
TRIM37,84,Yes
TRIM44,84,Yes
TRIM54,84,Yes
TRIM55,84,Yes
TRIM8,84,Yes
TRIO,25,Yes
TRIOBP,1,Yes
TRIP12,25,Yes
TRMT1,1,Yes
TRMT10A,2,Yes
TRMT10B,2,Yes
TRMT10C,2,Yes
TRMT5,2,Yes
TRPC3,5,Yes
TRPC6,5,Yes
TRPM1,7,Yes
TRPM3,7,Yes
TRPM4,7,Yes
TRPM6,7,Yes
TRPS1,7,Yes
TRPV3,5,Yes
TRPV4,5,Yes
TRPV6,5,Yes
TSC2,2,Yes
TSGA10,4,Yes
TSHB,10,Yes
TSHR,3,Yes
TSHZ1,2,Yes
TSPAN1,33,Yes
TSPAN12,33,Yes
TSPAN31,33,Yes
TSPAN7,33,Yes
TSSK6,18,Yes
TTBK1,13,Yes
TTBK2,13,Yes
TTC1,18,Yes
TTC21B,1,Yes
TTC7A,14,Yes
TTC8,14,Yes
TTK,2,Yes
TTLL3,14,Yes
TTLL8,14,Yes
TTPA,7,Yes
TTR,1,Yes
TUB,5,Yes
TUBA1A,24,Yes
TUBA3D,24,Yes
TUBA3E,24,Yes
TUBA4A,24,Yes
TUBA4B,24,Yes
TUBA8,24,Yes
TUBB,24,Yes
TUBB1,24,Yes
TUBB2A,24,Yes
TUBB2B,24,Yes
TUBB3,24,Yes
TUBB4A,24,Yes
TUBB4B,24,Yes
TUBB6,24,Yes
TUBB8,24,Yes
TUBE1,24,Yes
TUBG1,24,Yes
TUBGCP4,4,Yes
TUBGCP6,4,Yes
TUFM,18,Yes
TULP1,5,Yes
TUSC3,1,Yes
TUT1,5,Yes
TWIST1,13,Yes
TWIST2,13,Yes
TXN2,4,Yes
TXNL4A,1,Yes
TYK2,32,Yes
TYR,2,Yes
TYRP1,2,Yes
TYW1,1,Yes
U2AF1,4,Yes
U2AF1L4,4,Yes
UBA1,9,Yes
UBA2,9,Yes
UBA5,9,Yes
UBAP2L,1,Yes
UBE2A,27,Yes
UBE2T,27,Yes
UBE3A,25,Yes
UBE3B,25,Yes
UBL4A,11,Yes
UBN1,1,Yes
UBQLN1,5,Yes
UBQLN2,5,Yes
UBR1,2,Yes
UBR2,2,Yes
UBTF,19,Yes
UBXN1,5,Yes
UBXN4,5,Yes
UCHL1,3,Yes
UCK1,3,Yes
UCN,1,Yes
UCN2,1,Yes
UCP2,51,Yes
UCP3,51,Yes
UFSP2,1,Yes
UGT1A1,21,Yes
UGT1A10,21,Yes
UGT1A3,21,Yes
UGT1A4,21,Yes
UGT1A5,21,Yes
UGT1A6,21,Yes
UGT1A7,21,Yes
UGT1A8,21,Yes
UGT1A9,21,Yes
UHMK1,5,Yes
ULK2,2,Yes
UMOD,5,Yes
UNC119,1,Yes
UNC119B,1,Yes
UNC13D,1,Yes
UNC45B,18,Yes
UNK,1,Yes
UPB1,2,Yes
UPF1,10,Yes
UPF3B,1,Yes
UPK3A,4,Yes
UQCRC1,6,Yes
UQCRC2,6,Yes
UROD,4,Yes
USH1C,2,Yes
USH1G,1,Yes
USH2A,28,Yes
USP11,72,Yes
USP18,72,Yes
USP19,72,Yes
USP21,72,Yes
USP24,72,Yes
USP27X,72,Yes
USP5,72,Yes
USP7,72,Yes
USP8,72,Yes
USP9X,72,Yes
UTP14C,1,Yes
VAMP1,11,Yes
VANGL1,1,Yes
VAPB,1,Yes
VARS,7,Yes
VARS2,7,Yes
VAX1,3,Yes
VAX2,3,Yes
VCAN,7,Yes
VCL,4,Yes
VCP,5,Yes
VDR,18,Yes
VEGFC,4,Yes
VHL,1,Yes
VILL,7,Yes
VIM,69,Yes
VKORC1,2,Yes
VLDLR,15,Yes
VPS11,1,Yes
VPS13A,2,Yes
VPS13C,2,Yes
VPS13D,2,Yes
VPS33A,9,Yes
VPS33B,9,Yes
VPS37A,3,Yes
VPS45,9,Yes
VPS4A,10,Yes
VRK1,13,Yes
VRK2,13,Yes
VSIG10L,36,Yes
VSIR,15,Yes
VSX2,50,Yes
VWA3B,11,Yes
VWA5B2,11,Yes
VWF,19,Yes
WARS,1,Yes
WARS2,1,Yes
WAS,1,Yes
WASF1,2,Yes
WBP1,2,Yes
WBP2,1,Yes
WDFY3,7,Yes
WDR24,9,Yes
WDR26,1,Yes
WDR34,7,Yes
WDR35,5,Yes
WDR36,1,Yes
WDR45,4,Yes
WDR45B,4,Yes
WDR55,2,Yes
WDR60,7,Yes
WDR62,27,Yes
WDR66,9,Yes
WDR72,2,Yes
WDR73,9,Yes
WDR81,27,Yes
WDR93,1,Yes
WEE2,8,Yes
WHRN,2,Yes
WNK1,6,Yes
WNK2,6,Yes
WNK4,6,Yes
WNT1,18,Yes
WNT10A,18,Yes
WNT10B,18,Yes
WNT2B,18,Yes
WNT3,18,Yes
WNT4,18,Yes
WNT5A,18,Yes
WNT7A,18,Yes
WRN,4,Yes
WT1,4,Yes
WWOX,26,Yes
WWP2,25,Yes
XAB2,2,Yes
XDH,1,Yes
XIAP,8,Yes
XIRP1,1,Yes
XK,2,Yes
XPNPEP3,8,Yes
XPO1,1,Yes
XPO5,1,Yes
XRCC1,2,Yes
XRCC2,6,Yes
XYLT1,8,Yes
XYLT2,8,Yes
YAP1,1,Yes
YBEY,2,Yes
YIPF3,1,Yes
YJEFN3,2,Yes
YME1L1,2,Yes
YPEL3,10,Yes
YWHAG,6,Yes
YY1,2,Yes
YY1AP1,1,Yes
YY2,2,Yes
Z82190.2,1,Yes
Z84488.2,2,Yes
ZAP70,32,Yes
ZAR1L,1,Yes
ZBTB16,38,Yes
ZBTB18,38,Yes
ZBTB20,38,Yes
ZBTB22,6,Yes
ZBTB24,39,Yes
ZBTB32,38,Yes
ZBTB37,39,Yes
ZBTB4,2,Yes
ZBTB42,38,Yes
ZBTB5,4,Yes
ZDHHC9,18,Yes
ZEB1,1,Yes
ZEB2,1,Yes
ZFAND2B,2,Yes
ZFHX2,21,Yes
ZFHX3,21,Yes
ZFP30,182,Yes
ZFP57,56,Yes
ZFPM2,1,Yes
ZFYVE16,13,Yes
ZFYVE26,13,Yes
ZIC1,14,Yes
ZIC2,14,Yes
ZIC3,14,Yes
ZMAT2,9,Yes
ZMYND10,2,Yes
ZMYND11,5,Yes
ZMYND12,3,Yes
ZMYND15,5,Yes
ZNF141,182,Yes
ZNF142,39,Yes
ZNF148,38,Yes
ZNF276,38,Yes
ZNF292,2,Yes
ZNF319,56,Yes
ZNF335,1,Yes
ZNF358,4,Yes
ZNF407,56,Yes
ZNF408,56,Yes
ZNF423,7,Yes
ZNF462,7,Yes
ZNF513,6,Yes
ZNF526,39,Yes
ZNF644,56,Yes
ZNF687,56,Yes
ZNF710,7,Yes
ZNF711,41,Yes
ZNF721,5,Yes
ZP1,4,Yes
ZP3,1,Yes
ZSWIM5,3,Yes
ZSWIM6,3,Yes
